Tanggal,harga_petani_pred,harga_pengecer_pred,luas_lahan_pred,produktivitas_pred,produksi_pred,hari,bulan,tahun,Harga Petani,Harga Pengecer
2024-01-01,4099.4453,4391.338,15029.536,72.0136,122497.91,Monday,January,2024,4800.0,5000.0
2024-01-02,4063.3977,4353.899,16805.584,71.89843,129559.34,Tuesday,January,2024,4800.0,5000.0
2024-01-03,4009.878,4303.303,19383.252,71.69421,143495.66,Wednesday,January,2024,4800.0,5000.0
2024-01-04,3947.616,4253.748,23947.775,71.44941,175425.38,Thursday,January,2024,4800.0,5000.0
2024-01-05,3879.9333,4199.375,31240.104,71.21811,222571.58,Friday,January,2024,4800.0,5000.0
2024-01-06,3826.4016,4159.8325,38538.008,71.011894,270392.12,Saturday,January,2024,4799.746637713668,5009.651930607805
2024-01-07,3780.823,4123.9917,44432.26,70.85257,309310.28,Sunday,January,2024,4802.46970347902,5002.025400711653
2024-01-08,3750.418,4088.4722,49409.74,70.721146,344665.97,Monday,January,2024,4800.0,5000.0
2024-01-09,3719.9575,4059.5923,53775.926,70.65562,375322.66,Tuesday,January,2024,4800.0,5000.0
2024-01-10,3697.1892,4040.134,57872.484,70.68642,403106.75,Wednesday,January,2024,4800.0,5000.0
2024-01-11,3682.8591,4023.0032,62125.11,70.75659,431630.94,Thursday,January,2024,4800.0,5000.0
2024-01-12,3674.1462,4014.7808,65491.754,70.81599,454822.06,Friday,January,2024,4800.0,5000.0
2024-01-13,3672.714,4017.7317,67291.26,70.84569,468387.38,Saturday,January,2024,4802.44317986411,4998.246026872479
2024-01-14,3675.2795,4025.8875,67999.28,70.85314,474847.25,Sunday,January,2024,4801.952762679021,4996.246049658204
2024-01-15,3676.3662,4030.782,68266.586,70.8505,477974.8,Monday,January,2024,4800.0,5000.0
2024-01-16,3670.6658,4025.5579,68644.695,70.847984,481182.1,Tuesday,January,2024,4800.0,5000.0
2024-01-17,3658.7083,4011.7598,69661.52,70.86024,487987.75,Wednesday,January,2024,4800.0,5000.0
2024-01-18,3646.232,3997.055,71275.66,70.89015,498524.47,Thursday,January,2024,4800.0,5000.0
2024-01-19,3640.432,3991.3264,72478.22,70.915344,506702.34,Friday,January,2024,4800.0,5000.0
2024-01-20,3643.161,3997.5613,72586.77,70.918755,508261.2,Saturday,January,2024,4799.175294356501,4987.0310302983
2024-01-21,3649.4758,4008.4077,71998.8,70.90645,505352.06,Sunday,January,2024,4798.462720235664,4985.929583364198
2024-01-22,3653.8137,4015.4792,71271.8,70.88885,501246.2,Monday,January,2024,4800.0,5000.0
2024-01-23,3651.455,4012.6616,70902.3,70.87502,498963.88,Tuesday,January,2024,4800.0,5000.0
2024-01-24,3642.3472,4000.7915,71334.98,70.87851,501465.9,Wednesday,January,2024,4800.0,5000.0
2024-01-25,3632.2874,3987.589,72504.586,70.90196,508675.03,Thursday,January,2024,4800.0,5000.0
2024-01-26,3628.667,3983.199,73374.85,70.92272,514293.03,Friday,January,2024,4800.0,5000.0
2024-01-27,3633.3813,3990.6956,73240.18,70.92325,513910.4,Saturday,January,2024,4797.9135112315425,5013.574273364846
2024-01-28,3641.2954,4002.5498,72476.81,70.90905,509562.2,Sunday,January,2024,4795.430916666671,5012.610222729622
2024-01-29,3646.9001,4010.4045,71618.625,70.89013,504375.9,Monday,January,2024,4800.0,5000.0
2024-01-30,3645.619,4008.2798,71154.1,70.87542,501304.62,Tuesday,January,2024,4745.681179544848,4940.551225015046
2024-01-31,3637.402,3996.9797,71516.13,70.87831,503214.94,Wednesday,January,2024,4700.0,4850.0
2024-02-01,3628.0762,3984.2375,72634.65,70.90142,509981.84,Thursday,February,2024,4700.0,4850.0
2024-02-02,3628.1074,3983.7903,73472.24,70.918205,515156.12,Friday,February,2024,4700.0,4850.0
2024-02-03,3637.6343,3996.9197,73314.0,70.913605,514509.34,Saturday,February,2024,4709.885248967673,4867.115140660087
2024-02-04,3652.1172,4016.3445,72552.73,70.89443,510101.25,Sunday,February,2024,4706.806720017,4865.43740902087
2024-02-05,3665.4224,4033.0247,71693.28,70.87018,504839.2,Monday,February,2024,4700.0,4850.0
2024-02-06,3672.0273,4039.9563,71200.25,70.85083,501526.12,Tuesday,February,2024,4700.0,4850.0
2024-02-07,3671.1003,4036.9265,71443.26,70.84819,502563.3,Wednesday,February,2024,4700.0,4850.0
2024-02-08,3668.7449,4032.163,72248.78,70.86123,507053.06,Thursday,February,2024,4700.0,4850.0
2024-02-09,3672.5608,4036.2903,72812.29,70.87247,510403.25,Friday,February,2024,4700.0,4850.0
2024-02-10,3684.154,4051.5894,72596.83,70.86847,509280.72,Saturday,February,2024,4698.536938301259,4852.931436858286
2024-02-11,3698.6533,4070.6782,71927.04,70.85426,505374.38,Sunday,February,2024,4699.2873073343535,4850.627782528821
2024-02-12,3710.8352,4085.678,71141.65,70.835495,500546.88,Monday,February,2024,4700.0,4850.0
2024-02-13,3715.89,4090.5647,70702.164,70.82151,497570.3,Tuesday,February,2024,4700.0,4850.0
2024-02-14,3713.1428,4085.271,70972.484,70.82337,498779.75,Wednesday,February,2024,4700.0,4850.0
2024-02-15,3708.7217,4078.1184,71786.44,70.83978,503343.8,Thursday,February,2024,4700.0,4850.0
2024-02-16,3709.9155,4079.223,72409.125,70.85488,507109.03,Friday,February,2024,4700.0,4850.0
2024-02-17,3718.4185,4090.8938,72289.195,70.85504,506642.72,Saturday,February,2024,4707.253013453736,4880.148700427409
2024-02-18,3729.6147,4106.071,71721.305,70.84475,503423.78,Sunday,February,2024,4705.886699885393,4884.667709590732
2024-02-19,3738.6118,4117.3223,71012.44,70.82907,499120.4,Monday,February,2024,4700.0,4850.0
2024-02-20,3740.8718,4118.9395,70612.7,70.817154,496430.78,Tuesday,February,2024,4700.0,4850.0
2024-02-21,3735.6714,4110.8315,70900.3,70.820305,497790.62,Wednesday,February,2024,4700.0,4850.0
2024-02-22,3729.1116,4101.2944,71716.43,70.83732,502422.8,Thursday,February,2024,4700.0,4850.0
2024-02-23,3728.2727,4100.1235,72356.875,70.853134,506358.6,Friday,February,2024,4700.0,4850.0
2024-02-24,3734.741,4109.496,72270.38,70.85425,506161.78,Saturday,February,2024,4694.759139209998,4914.608874746247
2024-02-25,3744.0183,4122.4614,71732.164,70.84477,503172.66,Sunday,February,2024,4711.102031432318,4952.658147188067
2024-02-26,3751.2805,4131.7114,71042.17,70.82967,499021.22,Monday,February,2024,4721.606341393062,4964.4650798150415
2024-02-27,3752.0627,4131.6265,70646.49,70.81798,496381.84,Tuesday,February,2024,4728.385598981007,4976.31357112304
2024-02-28,3745.6016,4122.0884,70930.24,70.821144,497742.53,Wednesday,February,2024,4500.0,4700.0
2024-02-29,3737.961,4111.348,71739.55,70.838005,502361.75,Thursday,February,2024,4789.640506016874,4955.62890057012
2024-03-01,3736.146,4109.0845,72379.27,70.85378,506322.3,Friday,March,2024,4500.0,4700.0
2024-03-02,3746.126,4122.176,72211.02,70.84912,505464.88,Saturday,March,2024,4756.455194438201,4936.878525114721
2024-03-03,3762.0369,4142.9766,71575.586,70.83242,501896.56,Sunday,March,2024,4767.242548645026,4944.781905974584
2024-03-04,3778.4844,4164.115,70804.94,70.8116,497613.9,Monday,March,2024,4736.698582215409,4947.146903684339
2024-03-05,3791.067,4179.1865,70241.484,70.79313,494285.2,Tuesday,March,2024,4500.0,4700.0
2024-03-06,3799.1199,4187.412,70209.81,70.78472,493648.28,Wednesday,March,2024,4500.0,4700.0
2024-03-07,3807.2544,4196.107,70662.34,70.78855,495944.38,Thursday,March,2024,4500.0,4700.0
2024-03-08,3820.7021,4212.897,71061.375,70.79434,498443.2,Friday,March,2024,4701.969183868314,4975.897920718155
2024-03-09,3838.905,4237.1426,71059.68,70.79541,498990.12,Saturday,March,2024,4711.662571578616,4972.271808128518
2024-03-10,3858.1882,4263.1274,70693.57,70.79087,497534.94,Sunday,March,2024,4733.240835204434,4973.492066032999
2024-03-11,3873.9805,4284.046,70187.68,70.78236,495132.66,Monday,March,2024,4600.0,5000.0
2024-03-12,3884.8767,4297.3267,69740.68,70.77239,492579.72,Tuesday,March,2024,4600.0,5000.0
2024-03-13,3891.6592,4304.6987,69718.24,70.77006,492080.5,Wednesday,March,2024,4600.0,5000.0
2024-03-14,3898.0388,4311.9937,70199.945,70.779465,494649.38,Thursday,March,2024,4600.0,5000.0
2024-03-15,3908.061,4325.1187,70720.62,70.791595,497965.25,Friday,March,2024,4600.0,5000.0
2024-03-16,3920.9683,4342.7866,70906.305,70.79893,499618.72,Saturday,March,2024,4776.2773144429675,5061.604571162705
2024-03-17,3933.865,4360.248,70730.305,70.800186,499092.47,Sunday,March,2024,4764.538917917609,5085.358087820688
2024-03-18,3943.104,4372.2993,70372.375,70.79655,497261.53,Monday,March,2024,4800.0,5150.0
2024-03-19,3948.346,4378.4043,69977.336,70.789085,494880.38,Tuesday,March,2024,4800.0,5150.0
2024-03-20,3950.2822,4379.8364,69922.03,70.78612,494156.2,Wednesday,March,2024,4800.0,5150.0
2024-03-21,3952.5898,4382.015,70358.55,70.79358,496420.12,Thursday,March,2024,4800.0,5150.0
2024-03-22,3958.823,4389.011,70878.12,70.79908,499528.3,Friday,March,2024,4800.0,5150.0
2024-03-23,3967.618,4399.999,71125.31,70.803314,501299.1,Saturday,March,2024,4783.081164507289,5077.571372738688
2024-03-24,3976.1418,4411.307,71024.62,70.80589,501015.47,Sunday,March,2024,4789.505906644235,5091.76718423574
2024-03-25,3981.1157,4418.3525,70696.06,70.80522,499285.9,Monday,March,2024,4800.0,5200.0
2024-03-26,3982.6628,4420.409,70289.34,70.79986,496825.44,Tuesday,March,2024,4800.0,5200.0
2024-03-27,3981.5225,4417.9067,70193.02,70.79521,495821.0,Wednesday,March,2024,4800.0,5200.0
2024-03-28,3981.4832,4416.5127,70553.445,70.79606,497545.53,Thursday,March,2024,4800.0,5200.0
2024-03-29,3985.5125,4421.163,71028.77,70.79976,500418.47,Friday,March,2024,4859.210370538005,5176.411732148699
2024-03-30,3992.2273,4429.892,71272.055,70.80501,502168.56,Saturday,March,2024,4973.466507301889,5164.440508671285
2024-03-31,3998.183,4438.018,71204.83,70.81001,502076.7,Sunday,March,2024,4949.572848296564,5165.223024748827
2024-04-01,4000.6912,4441.986,70885.51,70.81005,500358.28,Monday,April,2024,5100.0,5200.0
2024-04-02,4006.7976,4448.964,70247.625,70.79426,496525.2,Tuesday,April,2024,5100.0,5200.0
2024-04-03,4018.7058,4461.6084,69731.35,70.76937,492933.53,Wednesday,April,2024,5100.0,5200.0
2024-04-04,4037.9053,4483.2163,69627.44,70.74861,491895.38,Thursday,April,2024,5100.0,5200.0
2024-04-05,4062.3057,4512.199,69862.87,70.73949,493430.0,Friday,April,2024,5100.0,5200.0
2024-04-06,4086.2634,4541.9624,70176.54,70.74417,496152.25,Saturday,April,2024,4701.624928128245,5147.974374123043
2024-04-07,4105.4434,4566.2407,70355.5,70.756,498157.16,Sunday,April,2024,4629.984338560717,5138.943330185901
2024-04-08,4120.046,4584.623,70228.08,70.762825,498046.78,Monday,April,2024,4900.0,5150.0
2024-04-09,4133.811,4600.6504,69788.32,70.75536,495363.84,Tuesday,April,2024,4900.0,5150.0
2024-04-10,4154.1865,4621.9595,69233.83,70.72126,493269.78,Wednesday,April,2024,4900.0,5150.0
2024-04-11,4181.8765,4652.4873,69136.56,70.69025,494563.72,Thursday,April,2024,4900.0,5150.0
2024-04-12,4211.2227,4686.986,69513.3,70.67981,498794.28,Friday,April,2024,4602.278701652203,5114.407564434754
2024-04-13,4235.0737,4716.7925,70120.02,70.694336,504118.22,Saturday,April,2024,4595.338070031945,5108.44904766178
2024-04-14,4249.0186,4735.0815,70591.47,70.7193,507845.1,Sunday,April,2024,4588.4867954841475,5102.020711135717
2024-04-15,4255.5317,4743.3706,70672.56,70.735054,508736.34,Monday,April,2024,4900.0,5150.0
2024-04-16,4262.1035,4749.545,70309.67,70.72584,507045.25,Tuesday,April,2024,4900.0,5150.0
2024-04-17,4274.2417,4760.801,69738.08,70.69297,504371.97,Wednesday,April,2024,4900.0,5150.0
2024-04-18,4294.4434,4782.445,69622.766,70.66421,505015.66,Thursday,April,2024,4900.0,5150.0
2024-04-19,4316.833,4808.8525,70043.99,70.6587,509078.25,Friday,April,2024,4900.0,5150.0
2024-04-20,4335.304,4830.46,70743.375,70.686264,514431.3,Saturday,April,2024,4536.385866679586,5080.888961216382
2024-04-21,4339.527,4838.5396,71289.12,70.71538,518031.47,Sunday,April,2024,4448.776215722906,5011.254798181325
2024-04-22,4335.5176,4836.1963,71396.65,70.73136,518471.97,Monday,April,2024,4800.0,5000.0
2024-04-23,4333.8887,4832.88,71018.76,70.7244,516070.84,Tuesday,April,2024,4800.0,5000.0
2024-04-24,4343.8423,4837.7773,70382.48,70.70272,512460.62,Wednesday,April,2024,4800.0,5000.0
2024-04-25,4363.651,4854.147,70223.33,70.68945,512391.28,Thursday,April,2024,4800.0,5000.0
2024-04-26,4384.778,4875.644,70617.125,70.696106,515957.44,Friday,April,2024,4800.0,5000.0
2024-04-27,4396.584,4891.292,71295.2,70.72058,520933.62,Saturday,April,2024,4390.576261669041,4979.9314622909715
2024-04-28,4394.4375,4893.576,71828.8,70.747314,524187.62,Sunday,April,2024,4418.038569959116,4969.7845249564325
2024-04-29,4384.0786,4885.6504,71908.05,70.75939,524166.72,Monday,April,2024,4618.821949627871,4956.423442861251
2024-04-30,4377.24,4877.219,71493.13,70.749886,521268.53,Tuesday,April,2024,4559.357066080043,4938.266807281898
2024-05-01,4383.307,4877.9624,70814.9,70.72735,517160.25,Wednesday,May,2024,4500.0,5000.0
2024-05-02,4405.994,4894.4834,70263.44,70.70653,515005.72,Thursday,May,2024,4500.0,5000.0
2024-05-03,4433.1787,4919.943,70364.27,70.70581,517638.56,Friday,May,2024,4400.0,5000.0
2024-05-04,4450.248,4939.636,70853.555,70.72324,522382.47,Saturday,May,2024,4368.298050570518,4821.526351923836
2024-05-05,4452.1157,4945.552,71259.914,70.74219,525779.25,Sunday,May,2024,4332.7986415357955,4750.3408137997985
2024-05-06,4446.259,4941.3774,71184.07,70.747086,525522.06,Monday,May,2024,4300.0,4500.0
2024-05-07,4447.0356,4939.239,70611.25,70.7346,522254.0,Tuesday,May,2024,4200.0,4400.0
2024-05-08,4463.818,4947.7188,69666.586,70.709946,516744.6,Wednesday,May,2024,4200.0,4400.0
2024-05-09,4491.2065,4968.2803,69208.914,70.69267,514670.78,Thursday,May,2024,4100.0,4200.0
2024-05-10,4517.2607,4994.5728,69674.53,70.69821,519156.53,Friday,May,2024,3850.0,4000.0
2024-05-11,4527.911,5010.425,70521.99,70.722015,525635.4,Saturday,May,2024,4224.234722180518,4644.201219000599
2024-05-12,4521.672,5010.5527,71177.47,70.74598,530100.2,Sunday,May,2024,4217.4085612014405,4625.665759321647
2024-05-13,4507.724,5000.107,71255.375,70.75417,530270.4,Monday,May,2024,4210.321004644043,4607.30906885205
2024-05-14,4500.6934,4991.595,70807.81,70.743706,527113.7,Tuesday,May,2024,3800.0,4000.0
2024-05-15,4510.304,4993.788,70002.18,70.72116,521576.06,Wednesday,May,2024,3800.0,4000.0
2024-05-16,4531.314,5008.2617,69537.14,70.70338,518903.2,Thursday,May,2024,3800.0,4000.0
2024-05-17,4552.1694,5029.8696,70020.81,70.7087,523197.44,Friday,May,2024,3800.0,4000.0
2024-05-18,4557.588,5041.055,70885.49,70.73212,529541.25,Saturday,May,2024,4175.6371856486785,4530.791544038746
2024-05-19,4546.574,5036.911,71548.336,70.755554,533842.44,Sunday,May,2024,4165.218059539408,4509.884940110579
2024-05-20,4528.486,5022.646,71618.79,70.76299,533761.06,Monday,May,2024,4000.0,4250.0
2024-05-21,4518.02,5010.822,71150.31,70.75167,530272.06,Tuesday,May,2024,4000.0,4250.0
2024-05-22,4524.9077,5010.318,70339.49,70.728745,524497.8,Wednesday,May,2024,4000.0,4250.0
2024-05-23,4543.7183,5022.3433,69834.0,70.71017,521406.22,Thursday,May,2024,4000.0,4250.0
2024-05-24,4562.927,5042.1694,70280.54,70.71474,525411.5,Friday,May,2024,4000.0,4250.0
2024-05-25,4566.765,5051.712,71117.86,70.737465,531536.6,Saturday,May,2024,4000.0,4250.0
2024-05-26,4554.3306,5046.095,71757.28,70.76028,535640.5,Sunday,May,2024,4000.0,4250.0
2024-05-27,4535.011,5030.528,71806.13,70.76709,535367.3,Monday,May,2024,4000.0,4250.0
2024-05-28,4523.525,5017.5703,71316.48,70.75522,531682.56,Tuesday,May,2024,4000.0,4250.0
2024-05-29,4529.611,5016.16,70495.36,70.732,525778.56,Wednesday,May,2024,4169.601023591919,4278.255216780189
2024-05-30,4547.7812,5027.3486,69968.97,70.71304,522494.16,Thursday,May,2024,3900.0,4250.0
2024-05-31,4566.504,5046.5312,70392.87,70.717224,526332.06,Friday,May,2024,3900.0,4250.0
2024-06-01,4569.882,5055.5303,71216.05,70.73964,532352.6,Saturday,June,2024,4102.608768951178,4281.904941249121
2024-06-02,4554.628,5046.0903,71641.91,70.755035,535224.5,Sunday,June,2024,4046.623008949441,4272.456181224225
2024-06-03,4533.426,5027.18,71416.055,70.75348,533504.6,Monday,June,2024,3900.0,4250.0
2024-06-04,4520.952,5010.7397,70619.27,70.73373,527718.2,Tuesday,June,2024,3900.0,4250.0
2024-06-05,4526.6147,5006.5596,69487.58,70.70362,519628.22,Wednesday,June,2024,3900.0,4250.0
2024-06-06,4542.568,5013.271,68572.05,70.676605,513616.6,Thursday,June,2024,3900.0,4250.0
2024-06-07,4555.603,5026.16,68747.51,70.67772,516581.03,Friday,June,2024,3900.0,4250.0
2024-06-08,4558.9487,5034.7124,69318.23,70.68116,521299.0,Saturday,June,2024,3912.5460827696884,4255.847762441899
2024-06-09,4542.54,5025.2837,69850.24,70.696846,525080.44,Sunday,June,2024,3912.4204878199607,4257.343416177254
2024-06-10,4520.151,5006.8867,69840.56,70.69896,524703.9,Monday,June,2024,3900.0,4250.0
2024-06-11,4506.7227,4990.822,69288.95,70.68549,520127.47,Tuesday,June,2024,3900.0,4250.0
2024-06-12,4511.5005,4987.465,68410.6,70.66182,513484.1,Wednesday,June,2024,3900.0,4250.0
2024-06-13,4524.5645,4993.892,67789.75,70.645164,509521.75,Thursday,June,2024,3900.0,4250.0
2024-06-14,4537.9487,5008.38,68106.484,70.647575,513292.97,Friday,June,2024,3900.0,4250.0
2024-06-15,4541.814,5017.652,68726.89,70.65221,518204.56,Saturday,June,2024,3911.4408686486254,4248.242259547999
2024-06-16,4526.36,5009.1836,69311.67,70.6705,522199.5,Sunday,June,2024,3911.2569346242503,4250.482829825882
2024-06-17,4505.209,4991.9473,69353.98,70.675575,522019.72,Monday,June,2024,3900.0,4250.0
2024-06-18,4493.091,4977.0967,68864.21,70.66568,517697.9,Tuesday,June,2024,3900.0,4250.0
2024-06-19,4498.9985,4974.901,68047.61,70.645195,511358.72,Wednesday,June,2024,3900.0,4250.0
2024-06-20,4514.108,4983.5,67471.96,70.62826,507598.22,Thursday,June,2024,4000.0,4150.0
2024-06-21,4528.498,4999.119,67838.04,70.632614,511686.97,Friday,June,2024,4000.0,4150.0
2024-06-22,4532.4727,5008.543,68504.96,70.64148,516933.03,Saturday,June,2024,3802.200632693354,4176.856974993884
2024-06-23,4518.1973,5001.0825,69105.375,70.66116,520973.16,Sunday,June,2024,3807.007693226684,4189.713413237573
2024-06-24,4498.1475,4984.7925,69164.25,70.66756,520852.72,Monday,June,2024,4000.0,4250.0
2024-06-25,4486.9995,4970.8057,68693.766,70.65903,516622.2,Tuesday,June,2024,4000.0,4250.0
2024-06-26,4493.7065,4969.358,67895.984,70.63968,510381.38,Wednesday,June,2024,3600.0,3800.0
2024-06-27,4509.8843,4979.005,67333.92,70.622505,506677.78,Thursday,June,2024,3600.0,3800.0
2024-06-28,4524.7925,4995.189,67721.336,70.62767,510913.7,Friday,June,2024,3967.1265083529875,4232.084035468552
2024-06-29,4528.97,5004.845,68408.96,70.63804,516303.44,Saturday,June,2024,3948.7079467981343,4236.604928087005
2024-06-30,4515.2056,4997.858,69018.71,70.65825,520388.06,Sunday,June,2024,3928.6729346752936,4213.7384074245765
2024-07-01,4495.612,4981.996,69086.47,70.66511,520314.97,Monday,July,2024,3900.0,4250.0
2024-07-02,4479.2266,4961.4326,68362.48,70.65316,514028.75,Tuesday,July,2024,3900.0,4250.0
2024-07-03,4477.2627,4950.722,67284.68,70.62811,505781.6,Wednesday,July,2024,3900.0,4250.0
2024-07-04,4483.4355,4949.4365,66309.37,70.60461,498974.06,Thursday,July,2024,3900.0,4250.0
2024-07-05,4490.0723,4955.851,66187.58,70.59794,499320.9,Friday,July,2024,3900.0,4250.0
2024-07-06,4483.7686,4954.3315,66579.1,70.60516,503131.97,Saturday,July,2024,3833.001619818172,4181.289890149235
2024-07-07,4463.9165,4939.714,66886.29,70.6192,505120.47,Sunday,July,2024,3834.6564518259133,4176.343731693248
2024-07-08,4438.8667,4917.2017,66719.2,70.62129,503377.44,Monday,July,2024,3300.0,3600.0
2024-07-09,4421.9424,4896.4165,66032.41,70.60787,497525.97,Tuesday,July,2024,3300.0,3600.0
2024-07-10,4420.2856,4887.7725,65157.05,70.58395,490968.1,Wednesday,July,2024,3300.0,3600.0
2024-07-11,4427.604,4890.7485,64590.508,70.5635,487457.38,Thursday,July,2024,3300.0,3600.0
2024-07-12,4436.0244,4900.6606,64746.164,70.5579,489973.62,Friday,July,2024,3300.0,3600.0
2024-07-13,4433.0864,4902.4165,65253.04,70.5674,494376.97,Saturday,July,2024,3810.660318170023,4113.103770141454
2024-07-14,4417.9126,4891.985,65642.445,70.5836,496744.8,Sunday,July,2024,3811.0903230125855,4108.787823956497
2024-07-15,4397.8374,4873.959,65569.84,70.58912,495507.06,Monday,July,2024,3300.0,3600.0
2024-07-16,4385.5664,4857.659,64990.285,70.579735,490331.16,Tuesday,July,2024,3300.0,3600.0
2024-07-17,4387.77,4852.978,64224.062,70.55936,484524.38,Wednesday,July,2024,3300.0,3600.0
2024-07-18,4398.7466,4860.1694,63820.508,70.5421,482233.22,Thursday,July,2024,3300.0,3600.0
2024-07-19,4410.07,4873.025,64058.92,70.53822,485298.12,Friday,July,2024,3400.0,3700.0
2024-07-20,4410.2974,4877.8296,64634.1,70.55025,490046.75,Saturday,July,2024,3737.898577090121,4022.503490197933
2024-07-21,4398.1045,4870.2637,65076.746,70.568085,492723.94,Sunday,July,2024,3739.0952467087805,4015.719350562641
2024-07-22,4380.818,4854.9053,65057.74,70.57556,491805.84,Monday,July,2024,3500.0,3800.0
2024-07-23,4371.021,4841.067,64526.133,70.56838,486960.0,Tuesday,July,2024,3600.0,3900.0
2024-07-24,4375.1943,4838.502,63809.684,70.54973,481522.2,Wednesday,July,2024,3600.0,3900.0
2024-07-25,4387.8286,4847.629,63468.055,70.533714,479702.34,Thursday,July,2024,3600.0,3950.0
2024-07-26,4400.403,4861.8345,63742.258,70.53072,483007.66,Friday,July,2024,3800.0,4000.0
2024-07-27,4401.9146,4868.004,64353.98,70.54386,487971.84,Saturday,July,2024,3801.4771843210724,4005.4565320002885
2024-07-28,4390.863,4861.6587,64826.46,70.56237,490849.34,Sunday,July,2024,3812.082846553382,4002.763727660378
2024-07-29,4374.622,4847.406,64833.54,70.57056,490111.03,Monday,July,2024,3800.0,4000.0
2024-07-30,4365.7266,4834.514,64321.61,70.56419,485409.97,Tuesday,July,2024,3800.0,4000.0
2024-07-31,4370.6357,4832.82,63628.266,70.54617,480153.84,Wednesday,July,2024,3800.0,4000.0
2024-08-01,4383.8584,4842.7017,63312.055,70.53057,478533.3,Thursday,August,2024,3800.0,4000.0
2024-08-02,4388.8945,4848.483,63318.727,70.52786,479482.84,Friday,August,2024,3800.0,4000.0
2024-08-03,4381.432,4845.0073,63679.676,70.54001,482263.97,Saturday,August,2024,3806.322501796914,4003.7830366352273
2024-08-04,4361.432,4828.2603,63878.152,70.55894,482524.56,Sunday,August,2024,3800.413922619187,4004.535562084339
2024-08-05,4336.135,4803.8447,63654.645,70.56749,479473.75,Monday,August,2024,3800.0,4000.0
2024-08-06,4315.0356,4779.6694,62950.355,70.55662,473491.72,Tuesday,August,2024,3800.0,4000.0
2024-08-07,4305.06,4765.615,62121.72,70.53289,467712.6,Wednesday,August,2024,3800.0,4000.0
2024-08-08,4304.1377,4763.2397,61681.562,70.51208,465589.38,Thursday,August,2024,3800.0,4000.0
2024-08-09,4304.1143,4764.918,61824.35,70.50628,467458.1,Friday,August,2024,3800.0,4000.0
2024-08-10,4296.889,4760.687,62247.688,70.517586,470268.7,Saturday,August,2024,3767.2871918495675,3959.5388446641696
2024-08-11,4280.944,4746.9897,62499.04,70.53596,470771.75,Sunday,August,2024,3754.3265086925358,3936.0989579463303
2024-08-12,4262.254,4728.5635,62336.223,70.544586,468219.34,Monday,August,2024,3700.0,3900.0
2024-08-13,4247.9043,4711.3916,61663.31,70.531364,462934.47,Tuesday,August,2024,3700.0,3900.0
2024-08-14,4242.9062,4703.283,60931.625,70.50595,458320.16,Wednesday,August,2024,3700.0,3900.0
2024-08-15,4245.6553,4705.298,60623.94,70.485115,457337.53,Thursday,August,2024,3700.0,3900.0
2024-08-16,4249.5444,4710.7993,60885.09,70.47966,459969.72,Friday,August,2024,3700.0,3900.0
2024-08-17,4247.0684,4710.865,61392.06,70.492966,463383.9,Saturday,August,2024,3740.278126464325,3925.3231199738916
2024-08-18,4235.8926,4701.655,61718.27,70.512085,464467.47,Sunday,August,2024,3741.887152936783,3923.9762219795743
2024-08-19,4224.9194,4688.326,61628.47,70.52998,462446.53,Monday,August,2024,3700.0,3900.0
2024-08-20,4214.9893,4676.003,61008.23,70.517265,457675.5,Tuesday,August,2024,3700.0,3900.0
2024-08-21,4211.872,4671.6855,60322.1,70.48746,453603.97,Wednesday,August,2024,3700.0,3900.0
2024-08-22,4217.8145,4677.0605,60090.47,70.46846,453204.1,Thursday,August,2024,3700.0,3900.0
2024-08-23,4224.6753,4685.4497,60410.258,70.46514,456243.2,Friday,August,2024,3700.0,3900.0
2024-08-24,4224.569,4687.899,60981.676,70.47986,460073.78,Saturday,August,2024,3739.4063669386164,3900.0852864309177
2024-08-25,4218.5605,4681.596,61360.535,70.50731,461519.38,Sunday,August,2024,3771.0399730405243,3906.672258426813
2024-08-26,4209.702,4670.485,61305.484,70.52561,459782.38,Monday,August,2024,3800.0,3900.0
2024-08-27,4201.6353,4660.3296,60721.38,70.51344,455300.62,Tuesday,August,2024,3800.0,3900.0
2024-08-28,4199.4316,4657.7744,60054.848,70.48189,451474.2,Wednesday,August,2024,3800.0,3900.0
2024-08-29,4205.89,4664.674,59850.29,70.460815,451312.9,Thursday,August,2024,3800.0,3900.0
2024-08-30,4214.0347,4674.377,60205.188,70.45865,454575.25,Friday,August,2024,3800.0,3900.0
2024-08-31,4215.4585,4678.0605,60803.254,70.47519,458593.9,Saturday,August,2024,3797.783665841854,3928.261609341595
2024-09-01,4211.2573,4672.978,61204.094,70.50505,460208.25,Sunday,September,2024,3800.2766004741893,3931.2036654302196
2024-09-02,4196.7866,4655.5244,61289.64,70.535805,458338.0,Monday,September,2024,3800.0,3900.0
2024-09-03,4177.954,4633.7334,60910.168,70.53971,454307.06,Tuesday,September,2024,3800.0,3900.0
2024-09-04,4161.4995,4615.99,60470.465,70.52729,451297.78,Wednesday,September,2024,3800.0,3900.0
2024-09-05,4150.169,4604.8687,60565.246,70.52793,452222.6,Thursday,September,2024,3800.0,3900.0
2024-09-06,4142.5044,4597.573,61172.25,70.5476,455879.97,Friday,September,2024,3800.0,3900.0
2024-09-07,4133.743,4588.039,61703.39,70.577,457814.47,Saturday,September,2024,3812.4197803204174,3931.2331836768653
2024-09-08,4120.015,4571.916,62011.902,70.60883,457470.94,Sunday,September,2024,3814.2001151311542,3934.388481176784
2024-09-09,4104.03,4552.672,61983.23,70.63015,455271.38,Monday,September,2024,3800.0,3900.0
2024-09-10,4087.921,4533.7695,61586.97,70.6288,451894.7,Tuesday,September,2024,3800.0,3900.0
2024-09-11,4075.481,4520.135,61217.266,70.61473,449935.47,Wednesday,September,2024,3800.0,3900.0
2024-09-12,4067.996,4513.1494,61467.13,70.61591,452286.22,Thursday,September,2024,3800.0,3900.0
2024-09-13,4064.9727,4510.94,62085.543,70.63033,456503.8,Friday,September,2024,3800.0,3900.0
2024-09-14,4062.9312,4508.965,62510.0,70.64963,458413.2,Saturday,September,2024,3787.7713965072408,3897.4601661739516
2024-09-15,4056.8071,4501.5103,62680.605,70.67034,457873.5,Sunday,September,2024,3788.2806757865005,3905.599817103239
2024-09-16,4048.2534,4489.226,62521.293,70.67636,455267.34,Monday,September,2024,3800.0,3950.0
2024-09-17,4039.1296,4477.356,62027.496,70.663506,451767.47,Tuesday,September,2024,3800.0,3950.0
2024-09-18,4032.5447,4471.425,61614.57,70.64773,450066.47,Wednesday,September,2024,3800.0,3950.0
2024-09-19,4029.883,4471.288,61847.203,70.649765,452806.0,Thursday,September,2024,3800.0,3950.0
2024-09-20,4031.0623,4473.761,62432.086,70.660065,457083.72,Friday,September,2024,3800.0,3950.0
2024-09-21,4032.9631,4476.142,62804.223,70.674706,458907.88,Saturday,September,2024,3768.3646618115563,3919.856981452493
2024-09-22,4030.7112,4471.931,62920.215,70.68756,458117.6,Sunday,September,2024,3769.304561979541,3923.056988859614
2024-09-23,4026.012,4463.3716,62685.508,70.68605,455206.03,Monday,September,2024,3800.0,3950.0
2024-09-24,4019.9734,4455.1504,62153.004,70.6712,451658.9,Tuesday,September,2024,3800.0,3950.0
2024-09-25,4015.9668,4452.232,61723.188,70.654366,449975.47,Wednesday,September,2024,3800.0,3950.0
2024-09-26,4015.4258,4454.54,61948.73,70.655655,452770.0,Thursday,September,2024,3800.0,3950.0
2024-09-27,4018.4194,4459.8906,62515.21,70.6675,457118.3,Friday,September,2024,3800.0,3950.0
2024-09-28,4021.945,4464.034,62871.582,70.68081,458911.12,Saturday,September,2024,3806.900228024475,3926.408502273146
2024-09-29,4021.1829,4460.8643,62974.39,70.69056,458027.3,Sunday,September,2024,3804.4935785183457,3923.312999454751
2024-09-30,4017.9465,4454.088,62714.65,70.68786,455051.66,Monday,September,2024,3800.0,3950.0
2024-10-01,4013.0623,4447.209,62172.91,70.6726,451498.6,Tuesday,October,2024,3800.0,3950.0
2024-10-02,4001.288,4434.827,62151.945,70.67087,451539.47,Wednesday,October,2024,3800.0,3950.0
2024-10-03,3985.8303,4418.7246,62998.01,70.693924,456790.22,Thursday,October,2024,3800.0,3950.0
2024-10-04,3971.8245,4402.7026,64086.527,70.72627,462486.8,Friday,October,2024,3800.0,3950.0
2024-10-05,3960.232,4388.249,64746.32,70.75494,464332.44,Saturday,October,2024,3792.3250583219283,3903.2585223993246
2024-10-06,3948.3396,4372.168,64978.855,70.77212,462922.0,Sunday,October,2024,3789.7679896691166,3895.507610787948
2024-10-07,3934.0598,4352.4727,64914.004,70.77734,459860.2,Monday,October,2024,3800.0,3900.0
2024-10-08,3915.9731,4329.541,64741.754,70.776436,456999.34,Tuesday,October,2024,3800.0,3900.0
2024-10-09,3893.262,4303.2393,64935.797,70.78172,457288.5,Wednesday,October,2024,3800.0,3900.0
2024-10-10,3871.555,4277.839,65815.98,70.798706,463062.88,Thursday,October,2024,3800.0,3800.0
2024-10-11,3856.7046,4259.4697,66684.45,70.81393,469053.75,Friday,October,2024,3800.0,3800.0
2024-10-12,3849.9329,4250.685,66889.75,70.818054,470528.16,Saturday,October,2024,3762.3651305808994,3830.3221813352147
2024-10-13,3846.8345,4246.0996,66629.71,70.814285,468654.25,Sunday,October,2024,3758.4833124036613,3826.386394946277
2024-10-14,3841.6116,4238.2725,66120.24,70.8028,464884.62,Monday,October,2024,3800.0,3800.0
2024-10-15,3831.6836,4225.2993,65611.75,70.787415,461448.9,Tuesday,October,2024,3800.0,3800.0
2024-10-16,3815.4287,4206.3833,65623.92,70.78128,461849.0,Wednesday,October,2024,3700.0,3800.0
2024-10-17,3798.8247,4186.8633,66433.414,70.79429,467485.3,Thursday,October,2024,3700.0,3800.0
2024-10-18,3788.1855,4173.844,67198.68,70.807434,472828.0,Friday,October,2024,3700.0,3800.0
2024-10-19,3786.3591,4171.87,67264.85,70.80948,473572.16,Saturday,October,2024,3706.3355778037217,3814.4140939792856
2024-10-20,3788.9421,4175.028,66829.195,70.80277,470758.1,Sunday,October,2024,3702.193132649692,3810.463657170489
2024-10-21,3789.4175,4174.8047,66175.52,70.78882,466195.06,Monday,October,2024,3700.0,3800.0
2024-10-22,3784.6904,4168.541,65583.93,70.77225,462277.1,Tuesday,October,2024,3700.0,3800.0
2024-10-23,3772.5742,4154.441,65602.1,70.76718,462541.03,Wednesday,October,2024,3700.0,3800.0
2024-10-24,3760.2961,4139.683,66466.484,70.78217,468236.22,Thursday,October,2024,3700.0,3800.0
2024-10-25,3753.634,4131.3457,67254.32,70.79742,473541.38,Friday,October,2024,3700.0,3800.0
2024-10-26,3754.6162,4132.999,67274.12,70.799286,474015.12,Saturday,October,2024,3681.9131278982363,3796.485254705064
2024-10-27,3760.196,4140.098,66773.82,70.791756,470851.75,Sunday,October,2024,3675.8152071196196,3792.547247602871
2024-10-28,3763.644,4143.727,66073.016,70.77734,466032.25,Monday,October,2024,3700.0,3800.0
2024-10-29,3761.5132,4140.703,65471.496,70.761185,462046.78,Tuesday,October,2024,3660.1772691657698,3778.2185383617516
2024-10-30,3751.6096,4129.075,65516.875,70.7577,462357.2,Wednesday,October,2024,3653.4062684075307,3770.5822697125254
2024-10-31,3741.5176,4116.7085,66419.945,70.774055,468161.06,Thursday,October,2024,3646.5877926559115,3764.105842185836
2024-11-01,3736.896,4110.756,67229.48,70.79068,473516.66,Friday,November,2024,3639.6730830223364,3760.4440097617203
2024-11-02,3737.1694,4111.9224,67580.75,70.80243,476195.66,Saturday,November,2024,3632.6421642819523,3762.903790431866
2024-11-03,3740.1821,4116.3555,67431.79,70.80497,475414.78,Sunday,November,2024,3625.479361883857,3762.767175572282
2024-11-04,3739.971,4115.697,67092.57,70.80085,473009.3,Monday,November,2024,3618.1971290798706,3755.7611417606745
2024-11-05,3731.4026,4104.259,66861.35,70.79439,471182.78,Tuesday,November,2024,3613.9918224965377,3748.318935575834
2024-11-06,3714.2346,4082.154,67465.79,70.80532,474505.78,Wednesday,November,2024,3609.876134992211,3736.785523813998
2024-11-07,3696.8115,4059.7612,68924.234,70.83776,483588.9,Thursday,November,2024,3605.397346548486,3736.4133582661625
2024-11-08,3685.8113,4046.0752,70153.17,70.869545,491709.66,Friday,November,2024,3597.3026481343554,3730.7124624349735
2024-11-09,3682.9404,4043.77,70290.11,70.87925,493140.72,Saturday,November,2024,3589.162720165995,3700.489806517438
2024-11-10,3684.4097,4047.518,69678.77,70.87106,489785.5,Sunday,November,2024,3581.0460818882702,3694.4793739701104
2024-11-11,3684.3801,4048.4856,68874.625,70.85483,484867.28,Monday,November,2024,3573.0895029907765,3688.7217070820575
2024-11-12,3678.1853,4040.7305,68355.54,70.84059,481362.53,Tuesday,November,2024,3567.4046352218998,3685.575347951105
2024-11-13,3664.334,4023.0815,68807.914,70.847015,483808.6,Wednesday,November,2024,3562.373778266381,3684.469160865772
2024-11-14,3649.6633,4004.1433,70143.234,70.87535,492117.94,Thursday,November,2024,3557.2882366690915,3683.2680976888555
2024-11-15,3641.5703,3994.0073,71222.77,70.902336,499263.7,Friday,November,2024,3525.974618382661,3678.4822891047365
2024-11-16,3642.221,3996.0203,71144.89,70.905655,499302.44,Saturday,November,2024,3517.7088563377943,3672.0812345794607
2024-11-17,3647.5107,4004.5203,70320.28,70.89105,494569.8,Sunday,November,2024,3509.3990413324027,3665.6371339857546
2024-11-18,3651.3696,4010.3123,69331.21,70.86904,488466.5,Monday,November,2024,3501.35026385903,3659.180528551367
2024-11-19,3648.5618,4006.6526,68709.57,70.85111,484279.6,Tuesday,November,2024,3500.5580052424066,3662.8348156721167
2024-11-20,3637.533,3992.2837,69123.47,70.85576,486435.38,Wednesday,November,2024,3492.8825421102806,3657.3161192205707
2024-11-21,3625.214,3975.992,70439.79,70.88305,494558.06,Thursday,November,2024,3478.237513048188,3655.226450428698
2024-11-22,3619.337,3968.34,71488.305,70.90891,501431.88,Friday,November,2024,3528.499597918935,3670.2821395038477
2024-11-23,3622.2834,3972.988,71348.4,70.91049,501012.66,Saturday,November,2024,3464.38798368149,3681.2575272944273
2024-11-24,3629.83,3984.151,70458.91,70.89412,495821.4,Sunday,November,2024,3457.5640041469824,3676.9500298629087
2024-11-25,3635.8386,3992.5037,69413.555,70.870514,489331.88,Monday,November,2024,3450.7951538426905,3671.2267651569223
2024-11-26,3634.8777,3991.0198,68769.29,70.85185,484976.72,Tuesday,November,2024,3444.0720164039367,3665.126547015227
2024-11-27,3625.3723,3978.3965,69182.91,70.8564,487101.12,Wednesday,November,2024,3437.36048683428,3658.788630290933
2024-11-28,3614.2886,3963.4858,70504.92,70.88382,495223.06,Thursday,November,2024,3400.0,3600.0
2024-11-29,3609.5225,3957.069,71551.445,70.909676,502043.88,Friday,November,2024,3400.0,3600.0
2024-11-30,3613.5664,3962.9634,71394.72,70.91092,501483.8,Saturday,November,2024,3417.8543186504226,3588.2172262389877
2024-12-01,3622.1602,3975.3472,70485.555,70.89412,496144.06,Sunday,December,2024,3412.9257693634354,3583.651522089789
2024-12-02,3628.9524,3985.0164,69705.66,70.87696,491522.8,Monday,December,2024,3400.0,3600.0
2024-12-03,3627.8916,3983.7217,69405.984,70.865776,489534.22,Tuesday,December,2024,3400.0,3600.0
2024-12-04,3618.547,3971.6204,70121.3,70.876526,493711.34,Wednesday,December,2024,3400.0,3600.0
2024-12-05,3607.2324,3956.7932,71725.41,70.91034,503721.38,Thursday,December,2024,3400.0,3600.0
2024-12-06,3602.06,3950.589,72930.85,70.9395,511682.5,Friday,December,2024,3400.0,3600.0
2024-12-07,3606.1353,3957.1077,72909.86,70.94339,512067.9,Saturday,December,2024,3438.046840325399,3629.614373126808
2024-12-08,3613.9985,3969.014,72121.45,70.929245,507581.16,Sunday,December,2024,3438.4703840856205,3624.878649264114
2024-12-09,3619.8037,3977.3606,71168.61,70.9086,501775.75,Monday,December,2024,3400.0,3600.0
2024-12-10,3617.8342,3974.7603,70621.55,70.89182,498135.47,Tuesday,December,2024,3400.0,3600.0
2024-12-11,3607.9148,3961.6338,71082.41,70.8966,500610.53,Wednesday,December,2024,3400.0,3600.0
2024-12-12,3596.3772,3946.1846,72446.69,70.92495,509004.2,Thursday,December,2024,3400.0,3600.0
2024-12-13,3591.3994,3939.8445,73451.47,70.94972,515579.22,Friday,December,2024,3400.0,3600.0
2024-12-14,3596.0337,3946.6943,73273.5,70.95033,514857.5,Saturday,December,2024,3438.8200458115525,3619.141490957231
2024-12-15,3604.7207,3959.3135,72366.375,70.9337,509530.22,Sunday,December,2024,3427.3276440153354,3616.6647821622373
2024-12-16,3611.3228,3968.4014,71331.38,70.91129,503138.06,Monday,December,2024,3400.0,3600.0
2024-12-17,3610.125,3966.5242,70728.48,70.89329,499090.75,Tuesday,December,2024,3400.0,3600.0
2024-12-18,3600.9043,3954.0383,71154.64,70.8973,501301.88,Wednesday,December,2024,3400.0,3600.0
2024-12-19,3589.9998,3939.1765,72496.69,70.92521,509513.78,Thursday,December,2024,3400.0,3600.0
2024-12-20,3585.6365,3933.4373,73483.3,70.94967,515936.25,Friday,December,2024,3400.0,3600.0
2024-12-21,3590.89,3940.926,73289.016,70.95003,515077.84,Saturday,December,2024,3423.392641927266,3644.8443570297163
2024-12-22,3600.197,3954.2202,72367.44,70.93316,509635.75,Sunday,December,2024,3525.3767260009176,3709.9843725718383
2024-12-23,3607.3398,3963.9102,71324.28,70.91063,503176.9,Monday,December,2024,3400.0,3700.0
2024-12-24,3606.6172,3962.5605,70718.86,70.8926,499102.6,Tuesday,December,2024,3400.0,3700.0
2024-12-25,3597.7913,3950.5051,71147.13,70.89668,501317.8,Wednesday,December,2024,3400.0,3700.0
2024-12-26,3587.2214,3936.0054,72492.53,70.924706,509541.28,Thursday,December,2024,3400.0,3700.0
2024-12-27,3583.1616,3930.6,73480.2,70.94924,515961.03,Friday,December,2024,3400.0,3700.0
2024-12-28,3588.7063,3938.4165,73284.72,70.949615,515086.5,Saturday,December,2024,3406.324002957712,3663.2435321555345
2024-12-29,3598.2942,3952.0337,72360.78,70.93274,509623.62,Sunday,December,2024,3408.4897868380936,3654.5136874966024
2024-12-30,3605.679,3962.0068,71316.71,70.91021,503155.9,Monday,December,2024,3400.0,3600.0
2024-12-31,3605.1665,3960.9001,70712.016,70.89222,499083.84,Tuesday,December,2024,3400.0,3600.0
