Tanggal,harga_petani_pred,harga_pengecer_pred,luas_lahan_pred,produktivitas_pred,produksi_pred,hari,bulan,tahun
2024-01-01,10304.973,11705.168,26819.111,55.24693,139726.67,Monday,January,2024
2024-01-02,10257.425,11614.534,26653.293,55.245914,140572.27,Tuesday,January,2024
2024-01-03,10209.408,11524.829,26502.717,55.23395,140917.02,Wednesday,January,2024
2024-01-04,10172.837,11460.848,26466.766,55.22419,141530.55,Thursday,January,2024
2024-01-05,10149.466,11423.055,26586.84,55.222984,142930.78,Friday,January,2024
2024-01-06,10141.879,11416.099,26885.455,55.23253,145269.78,Saturday,January,2024
2024-01-07,10144.052,11427.699,27249.0,55.249912,147977.66,Sunday,January,2024
2024-01-08,10140.932,11426.052,27478.07,55.26744,150123.11,Monday,January,2024
2024-01-09,10126.321,11400.351,27571.848,55.2779,151635.27,Tuesday,January,2024
2024-01-10,10113.395,11380.981,27658.953,55.281387,152672.86,Wednesday,January,2024
2024-01-11,10106.015,11374.761,27762.256,55.287334,153563.38,Thursday,January,2024
2024-01-12,10104.703,11379.081,27926.729,55.295734,154701.89,Friday,January,2024
2024-01-13,10114.2705,11403.552,28184.357,55.31026,156292.7,Saturday,January,2024
2024-01-14,10130.899,11440.931,28481.611,55.327007,157999.53,Sunday,January,2024
2024-01-15,10140.818,11462.74,28682.03,55.3372,159180.92,Monday,January,2024
2024-01-16,10136.065,11453.741,28712.475,55.33647,159554.05,Tuesday,January,2024
2024-01-17,10128.37,11441.574,28667.38,55.33464,159454.64,Wednesday,January,2024
2024-01-18,10123.657,11437.186,28624.477,55.334335,159201.38,Thursday,January,2024
2024-01-19,10123.223,11439.637,28647.354,55.33636,159288.94,Friday,January,2024
2024-01-20,10134.167,11463.636,28793.93,55.34448,159981.34,Saturday,January,2024
2024-01-21,10153.208,11503.035,29026.162,55.35179,160917.16,Sunday,January,2024
2024-01-22,10163.655,11523.27,29144.074,55.35873,161522.5,Monday,January,2024
2024-01-23,10156.267,11506.206,29059.293,55.358902,161394.84,Tuesday,January,2024
2024-01-24,10146.47,11487.449,28938.006,55.352573,160804.4,Wednesday,January,2024
2024-01-25,10139.348,11476.1045,28827.02,55.34829,160132.25,Thursday,January,2024
2024-01-26,10136.882,11472.68,28798.793,55.34625,159880.61,Friday,January,2024
2024-01-27,10147.623,11494.987,28935.13,55.347027,160282.38,Saturday,January,2024
2024-01-28,10165.6045,11531.204,29139.371,55.35297,161067.39,Sunday,January,2024
2024-01-29,10174.867,11548.161,29233.752,55.359074,161570.16,Monday,January,2024
2024-01-30,10165.505,11526.257,29117.516,55.359722,161368.22,Tuesday,January,2024
2024-01-31,10153.35,11502.022,28961.117,55.355293,160741.95,Wednesday,January,2024
2024-02-01,10145.114,11487.933,28843.908,55.34871,160003.77,Thursday,February,2024
2024-02-02,10142.135,11483.375,28789.861,55.342354,159521.39,Friday,February,2024
2024-02-03,10153.656,11508.034,28895.854,55.339184,159608.38,Saturday,February,2024
2024-02-04,10174.028,11550.478,29078.924,55.340515,160030.2,Sunday,February,2024
2024-02-05,10186.0205,11573.664,29148.416,55.344208,160224.77,Monday,February,2024
2024-02-06,10178.149,11554.604,28999.05,55.343143,159721.73,Tuesday,February,2024
2024-02-07,10163.708,11524.173,28792.62,55.337208,158840.17,Wednesday,February,2024
2024-02-08,10153.086,11503.801,28642.791,55.329147,157949.88,Thursday,February,2024
2024-02-09,10151.72,11502.762,28618.568,55.32288,157522.2,Friday,February,2024
2024-02-10,10165.935,11533.426,28765.104,55.320457,157721.1,Saturday,February,2024
2024-02-11,10188.467,11581.201,28990.521,55.323807,158337.14,Sunday,February,2024
2024-02-12,10201.293,11606.277,29083.748,55.329678,158703.48,Monday,February,2024
2024-02-13,10192.763,11585.134,28936.305,55.329586,158280.2,Tuesday,February,2024
2024-02-14,10176.461,11549.937,28725.658,55.32445,157476.56,Wednesday,February,2024
2024-02-15,10164.176,11525.508,28578.832,55.31744,156699.72,Thursday,February,2024
2024-02-16,10161.761,11522.134,28561.855,55.312107,156380.3,Friday,February,2024
2024-02-17,10175.31,11551.471,28718.168,55.310543,156685.64,Saturday,February,2024
2024-02-18,10196.986,11597.75,28953.965,55.31554,157453.22,Sunday,February,2024
2024-02-19,10208.654,11620.51,29050.555,55.322723,157938.03,Monday,February,2024
2024-02-20,10198.783,11596.365,28900.143,55.32321,157581.84,Tuesday,February,2024
2024-02-21,10181.13,11558.16,28687.352,55.31863,156845.06,Wednesday,February,2024
2024-02-22,10167.768,11531.416,28541.775,55.31228,156143.78,Thursday,February,2024
2024-02-23,10164.508,11526.35,28527.32,55.307568,155895.38,Friday,February,2024
2024-02-24,10177.386,11554.427,28685.793,55.30662,156263.66,Saturday,February,2024
2024-02-25,10198.425,11599.566,28923.805,55.312336,157097.42,Sunday,February,2024
2024-02-26,10209.504,11621.233,29021.523,55.320076,157635.34,Monday,February,2024
2024-02-27,10199.1455,11596.143,28873.086,55.32092,157325.72,Tuesday,February,2024
2024-02-28,10181.157,11557.317,28663.164,55.316696,156633.16,Wednesday,February,2024
2024-02-29,10167.582,11530.224,28521.137,55.310726,155974.8,Thursday,February,2024
2024-03-01,10164.122,11524.845,28509.473,55.306343,155762.42,Friday,March,2024
2024-03-02,10172.465,11542.676,28594.363,55.30242,155872.22,Saturday,March,2024
2024-03-03,10187.508,11574.244,28754.88,55.3051,156453.94,Sunday,March,2024
2024-03-04,10192.6875,11582.615,28785.662,55.31076,156820.22,Monday,March,2024
2024-03-05,10177.065,11545.808,28579.03,55.31111,156401.12,Tuesday,March,2024
2024-03-06,10155.393,11498.336,28326.713,55.306343,155629.42,Wednesday,March,2024
2024-03-07,10138.114,11461.918,28142.102,55.298813,154877.14,Thursday,March,2024
2024-03-08,10129.167,11443.7,28079.47,55.291904,154564.22,Friday,March,2024
2024-03-09,10135.108,11456.762,28173.633,55.287968,154788.92,Saturday,March,2024
2024-03-10,10148.786,11485.846,28338.967,55.291252,155458.08,Sunday,March,2024
2024-03-11,10154.316,11495.668,28403.389,55.297413,155975.98,Monday,March,2024
2024-03-12,10141.472,11466.37,28269.135,55.301163,155926.7,Tuesday,March,2024
2024-03-13,10124.308,11430.037,28096.408,55.30044,155528.06,Wednesday,March,2024
2024-03-14,10111.579,11404.584,27982.223,55.296715,155101.75,Thursday,March,2024
2024-03-15,10106.449,11395.432,27973.031,55.29289,155027.45,Friday,March,2024
2024-03-16,10114.776,11414.17,28098.795,55.290985,155386.95,Saturday,March,2024
2024-03-17,10130.555,11447.788,28281.615,55.29424,156051.73,Sunday,March,2024
2024-03-18,10138.078,11462.297,28364.252,55.300858,156584.27,Monday,March,2024
2024-03-19,10127.851,11439.127,28255.262,55.305214,156572.94,Tuesday,March,2024
2024-03-20,10113.433,11409.056,28103.668,55.305046,156191.17,Wednesday,March,2024
2024-03-21,10103.08,11388.924,28004.459,55.30167,155759.62,Thursday,March,2024
2024-03-22,10099.786,11383.741,28003.646,55.297943,155657.64,Friday,March,2024
2024-03-23,10109.464,11405.289,28132.299,55.295853,155968.08,Saturday,March,2024
2024-03-24,10126.391,11441.188,28315.572,55.298615,156566.77,Sunday,March,2024
2024-03-25,10134.958,11457.787,28398.504,55.304775,157037.42,Monday,March,2024
2024-03-26,10125.737,11436.632,28289.668,55.308674,156967.1,Tuesday,March,2024
2024-03-27,10112.127,11408.13,28136.479,55.308075,156528.1,Wednesday,March,2024
2024-03-28,10102.379,11389.122,28034.576,55.304268,156041.81,Thursday,March,2024
2024-03-29,10099.514,11384.661,28030.51,55.300117,155889.62,Friday,March,2024
2024-03-30,10109.591,11406.875,28156.52,55.29763,156155.31,Saturday,March,2024
2024-03-31,10126.873,11443.356,28337.693,55.30005,156715.53,Sunday,March,2024
2024-04-01,10135.727,11460.394,28418.727,55.305935,157154.62,Monday,April,2024
2024-04-02,10123.63,11431.652,28281.867,55.308723,157036.89,Tuesday,April,2024
2024-04-03,10106.195,11393.293,28080.541,55.3043,156374.5,Wednesday,April,2024
2024-04-04,10091.618,11361.797,27906.049,55.294548,155550.73,Thursday,April,2024
2024-04-05,10083.083,11343.287,27813.148,55.287243,155120.16,Friday,April,2024
2024-04-06,10083.044,11342.269,27836.143,55.2819,155207.66,Saturday,April,2024
2024-04-07,10089.103,11353.81,27941.89,55.28313,155782.03,Sunday,April,2024
2024-04-08,10088.655,11351.055,27999.648,55.28912,156443.72,Monday,April,2024
2024-04-09,10079.58,11330.733,27979.559,55.287193,156621.5,Tuesday,April,2024
2024-04-10,10067.813,11306.509,27895.03,55.282394,156348.4,Wednesday,April,2024
2024-04-11,10058.251,11287.693,27798.191,55.27835,155941.64,Thursday,April,2024
2024-04-12,10054.095,11280.122,27762.848,55.276524,155833.45,Friday,April,2024
2024-04-13,10056.216,11284.98,27803.484,55.278465,156158.12,Saturday,April,2024
2024-04-14,10064.277,11301.846,27924.785,55.28448,156868.2,Sunday,April,2024
2024-04-15,10067.78,11308.347,28032.812,55.287727,157523.98,Monday,April,2024
2024-04-16,10062.859,11297.722,28046.264,55.28616,157710.72,Tuesday,April,2024
2024-04-17,10054.758,11281.927,27978.479,55.28337,157443.7,Wednesday,April,2024
2024-04-18,10048.367,11270.251,27892.584,55.28085,157016.75,Thursday,April,2024
2024-04-19,10046.683,11268.045,27861.318,55.279945,156856.52,Friday,April,2024
2024-04-20,10050.571,11276.579,27899.764,55.282272,157100.95,Saturday,April,2024
2024-04-21,10060.019,11296.214,28016.049,55.288403,157719.0,Sunday,April,2024
2024-04-22,10064.725,11305.059,28117.99,55.29165,158280.17,Monday,April,2024
2024-04-23,10060.925,11296.6045,28124.898,55.29003,158376.16,Tuesday,April,2024
2024-04-24,10053.717,11282.475,28048.914,55.28706,158017.1,Wednesday,April,2024
2024-04-25,10047.984,11271.939,27954.57,55.284267,157504.39,Thursday,April,2024
2024-04-26,10046.751,11270.417,27915.023,55.28303,157265.75,Friday,April,2024
2024-04-27,10051.002,11279.441,27946.027,55.285046,157440.56,Saturday,April,2024
2024-04-28,10060.746,11299.438,28055.611,55.29089,157997.14,Sunday,April,2024
2024-04-29,10065.671,11308.499,28151.533,55.293858,158505.02,Monday,April,2024
2024-04-30,10061.957,11299.999,28152.605,55.29194,158553.7,Tuesday,April,2024
2024-05-01,10054.74,11285.646,28070.9,55.288647,158151.3,Wednesday,May,2024
2024-05-02,10047.247,11270.343,27952.295,55.28345,157573.84,Thursday,May,2024
2024-05-03,10043.491,11262.065,27865.52,55.27911,157158.05,Friday,May,2024
2024-05-04,10045.153,11264.3125,27868.0,55.279037,157257.62,Saturday,May,2024
2024-05-05,10049.767,11272.227,27966.043,55.28242,157883.58,Sunday,May,2024
2024-05-06,10051.613,11274.267,28081.943,55.285107,158606.52,Monday,May,2024
2024-05-07,10047.492,11264.689,28116.436,55.284298,158897.9,Tuesday,May,2024
2024-05-08,10040.355,11250.062,28062.207,55.281902,158697.31,Wednesday,May,2024
2024-05-09,10035.288,11239.648,27958.33,55.27883,158125.84,Thursday,May,2024
2024-05-10,10033.529,11236.2,27892.148,55.276604,157791.28,Friday,May,2024
2024-05-11,10036.19,11241.739,27912.143,55.278038,157991.16,Saturday,May,2024
2024-05-12,10041.572,11252.472,28022.19,55.282475,158680.1,Sunday,May,2024
2024-05-13,10044.952,11258.507,28144.7,55.286266,159387.83,Monday,May,2024
2024-05-14,10042.966,11253.716,28178.777,55.286602,159582.16,Tuesday,May,2024
2024-05-15,10038.251,11244.261,28125.748,55.28537,159282.23,Wednesday,May,2024
2024-05-16,10033.898,11235.81,28013.783,55.282383,158633.89,Thursday,May,2024
2024-05-17,10032.69,11233.931,27943.076,55.280155,158249.53,Friday,May,2024
2024-05-18,10035.768,11240.655,27958.871,55.281483,158401.45,Saturday,May,2024
2024-05-19,10041.453,11252.246,28064.645,55.28573,159043.25,Sunday,May,2024
2024-05-20,10045.051,11258.8955,28182.643,55.289265,159704.83,Monday,May,2024
2024-05-21,10043.204,11254.505,28211.69,55.289295,159852.81,Tuesday,May,2024
2024-05-22,10038.581,11245.314,28154.686,55.28776,159515.6,Wednesday,May,2024
2024-05-23,10034.283,11237.009,28038.234,55.28447,158829.27,Thursday,May,2024
2024-05-24,10033.105,11235.196,27963.846,55.281963,158413.38,Friday,May,2024
2024-05-25,10036.193,11241.928,27976.512,55.28304,158538.5,Saturday,May,2024
2024-05-26,10041.874,11253.483,28079.584,55.287064,159157.48,Sunday,May,2024
2024-05-27,10045.455,11260.067,28195.191,55.2904,159799.39,Monday,May,2024
2024-05-28,10043.578,11255.583,28222.07,55.290253,159930.12,Tuesday,May,2024
2024-05-29,10038.917,11246.281,28163.133,55.28855,159577.92,Wednesday,May,2024
2024-05-30,10034.584,11237.869,28045.223,55.285114,158879.98,Thursday,May,2024
2024-05-31,10033.369,11235.949,27969.523,55.282494,158453.97,Friday,May,2024
2024-06-01,10036.424,11242.584,27981.113,55.283474,158570.92,Saturday,June,2024
2024-06-02,10042.854,11255.607,28101.908,55.288876,159321.83,Sunday,June,2024
2024-06-03,10047.207,11263.539,28233.562,55.293583,160098.28,Monday,June,2024
2024-06-04,10044.981,11258.028,28250.037,55.292763,160215.03,Tuesday,June,2024
2024-06-05,10037.756,11241.911,28109.674,55.2872,159435.0,Wednesday,June,2024
2024-06-06,10031.368,11227.414,27905.203,55.28067,158290.16,Thursday,June,2024
2024-06-07,10029.015,11221.906,27786.67,55.27678,157668.52,Friday,June,2024
2024-06-08,10031.858,11227.3125,27789.467,55.27779,157762.48,Saturday,June,2024
2024-06-09,10037.861,11239.024,27904.57,55.282818,158471.45,Sunday,June,2024
2024-06-10,10041.947,11246.39,28040.33,55.287407,159252.08,Monday,June,2024
2024-06-11,10038.868,11239.163,28059.258,55.285892,159343.17,Tuesday,June,2024
2024-06-12,10030.827,11221.282,27904.328,55.27931,158435.31,Wednesday,June,2024
2024-06-13,10024.356,11206.64,27691.88,55.272488,157210.3,Thursday,June,2024
2024-06-14,10022.306,11202.098,27583.621,55.268948,156620.3,Friday,June,2024
2024-06-15,10025.577,11208.896,27603.6,55.270554,156790.58,Saturday,June,2024
2024-06-16,10032.037,11222.123,27737.32,55.27623,157588.23,Sunday,June,2024
2024-06-17,10036.613,11231.089,27891.576,55.281483,158460.61,Monday,June,2024
2024-06-18,10033.883,11225.139,27928.027,55.28048,158637.48,Tuesday,June,2024
2024-06-19,10026.182,11208.372,27782.113,55.274246,157769.98,Wednesday,June,2024
2024-06-20,10020.183,11195.06,27578.846,55.267895,156590.64,Thursday,June,2024
2024-06-21,10018.585,11191.779,27480.957,55.264828,156054.83,Friday,June,2024
2024-06-22,10022.306,11199.852,27513.643,55.266953,156293.39,Saturday,June,2024
2024-06-23,10029.157,11214.209,27659.135,55.27309,157154.05,Sunday,June,2024
2024-06-24,10034.084,11224.189,27823.84,55.27875,158082.67,Monday,June,2024
2024-06-25,10031.645,11219.088,27868.74,55.278072,158304.61,Tuesday,June,2024
2024-06-26,10024.2,11203.043,27728.28,55.272083,157466.3,Wednesday,June,2024
2024-06-27,10018.459,11190.428,27530.94,55.265987,156319.92,Thursday,June,2024
2024-06-28,10017.089,11187.758,27438.719,55.263157,155815.8,Friday,June,2024
2024-06-29,10021.019,11196.3955,27477.354,55.265503,156087.58,Saturday,June,2024
2024-06-30,10028.044,11211.235,27628.074,55.271843,156977.14,Sunday,June,2024
2024-07-01,10033.12,11221.631,27797.236,55.277676,157930.47,Monday,July,2024
2024-07-02,10031.464,11218.773,27851.95,55.276886,158234.16,Tuesday,July,2024
2024-07-03,10025.652,11207.339,27745.457,55.27203,157647.98,Wednesday,July,2024
2024-07-04,10021.231,11198.632,27582.164,55.267365,156755.75,Thursday,July,2024
2024-07-05,10020.595,11197.725,27490.244,55.265453,156302.92,Friday,July,2024
2024-07-06,10024.487,11205.657,27521.23,55.268536,156592.36,Saturday,July,2024
2024-07-07,10031.252,11219.609,27668.879,55.274265,157465.55,Sunday,July,2024
2024-07-08,10035.112,11227.477,27830.252,55.276913,158333.73,Monday,July,2024
2024-07-09,10030.685,11217.865,27850.62,55.270756,158356.66,Tuesday,July,2024
2024-07-10,10022.996,11201.417,27719.906,55.262962,157564.19,Wednesday,July,2024
2024-07-11,10018.374,11191.333,27558.201,55.259445,156670.39,Thursday,July,2024
2024-07-12,10017.613,11189.347,27458.172,55.258614,156171.98,Friday,July,2024
2024-07-13,10021.063,11195.847,27482.8,55.2619,156418.47,Saturday,July,2024
2024-07-14,10027.225,11208.339,27621.62,55.26701,157219.36,Sunday,July,2024
2024-07-15,10030.718,11215.426,27784.34,55.269577,158080.56,Monday,July,2024
2024-07-16,10026.167,11205.597,27805.416,55.26358,158096.61,Tuesday,July,2024
2024-07-17,10018.532,11189.326,27674.123,55.25612,157293.42,Wednesday,July,2024
2024-07-18,10014.253,11180.063,27514.578,55.253513,156416.88,Thursday,July,2024
2024-07-19,10013.9795,11179.244,27417.46,55.253746,155944.83,Friday,July,2024
2024-07-20,10017.738,11186.614,27445.102,55.257618,156209.97,Saturday,July,2024
2024-07-21,10024.216,11200.001,27587.602,55.263306,157033.14,Sunday,July,2024
2024-07-22,10028.019,11207.992,27756.096,55.266426,157927.34,Monday,July,2024
2024-07-23,10023.796,11199.1045,27782.166,55.260937,157971.61,Tuesday,July,2024
2024-07-24,10016.472,11183.696,27653.748,55.2539,157185.14,Wednesday,July,2024
2024-07-25,10012.479,11175.214,27496.395,55.251663,156322.06,Thursday,July,2024
2024-07-26,10012.5,11175.175,27402.088,55.252304,155868.14,Friday,July,2024
2024-07-27,10016.495,11183.19,27432.455,55.256474,156149.1,Saturday,July,2024
2024-07-28,10023.171,11197.127,27577.404,55.26241,156985.78,Sunday,July,2024
2024-07-29,10027.145,11205.599,27748.225,55.26573,157892.27,Monday,July,2024
2024-07-30,10023.081,11197.151,27776.299,55.26041,157946.88,Tuesday,July,2024
2024-07-31,10015.892,11182.113,27649.053,55.253506,157166.4,Wednesday,July,2024
2024-08-01,10012.012,11173.938,27492.537,55.251373,156307.64,Thursday,August,2024
2024-08-02,10012.151,11174.416,27414.094,55.25351,155990.2,Friday,August,2024
2024-08-03,10015.3125,11180.402,27454.303,55.257664,156388.88,Saturday,August,2024
2024-08-04,10020.958,11191.477,27618.152,55.263496,157415.14,Sunday,August,2024
2024-08-05,10024.756,11198.949,27804.994,55.267334,158493.16,Monday,August,2024
2024-08-06,10022.767,11194.758,27902.496,55.2655,159060.39,Tuesday,August,2024
2024-08-07,10019.53,11189.147,27894.664,55.26432,159068.06,Wednesday,August,2024
2024-08-08,10018.007,11187.954,27820.77,55.265083,158724.2,Thursday,August,2024
2024-08-09,10017.6455,11187.43,27743.72,55.2666,158431.44,Friday,August,2024
2024-08-10,10019.352,11189.904,27762.543,55.26892,158695.9,Saturday,August,2024
2024-08-11,10023.463,11197.056,27904.754,55.272533,159574.92,Sunday,August,2024
2024-08-12,10026.177,11201.62,28067.072,55.27422,160467.38,Monday,August,2024
2024-08-13,10023.822,11196.194,28142.008,55.27125,160844.4,Tuesday,August,2024
2024-08-14,10020.336,11189.716,28114.521,55.269382,160683.75,Wednesday,August,2024
2024-08-15,10018.45,11187.444,28017.467,55.269905,160171.31,Thursday,August,2024
2024-08-16,10017.6455,11185.799,27917.623,55.271164,159722.94,Friday,August,2024
2024-08-17,10018.823,11187.06,27913.49,55.272808,159828.27,Saturday,August,2024
2024-08-18,10022.368,11193.103,28045.467,55.275486,160630.69,Sunday,August,2024
2024-08-19,10024.795,11197.137,28196.883,55.276478,161438.12,Monday,August,2024
2024-08-20,10022.547,11192.058,28262.004,55.273327,161733.66,Tuesday,August,2024
2024-08-21,10019.382,11186.351,28221.934,55.27168,161476.58,Wednesday,August,2024
2024-08-22,10017.664,11184.568,28111.475,55.272232,160866.83,Thursday,August,2024
2024-08-23,10016.9795,11183.317,27999.215,55.27347,160331.67,Friday,August,2024
2024-08-24,10018.228,11184.908,27988.637,55.275043,160390.44,Saturday,August,2024
2024-08-25,10021.848,11191.277,28115.322,55.2776,161151.42,Sunday,August,2024
2024-08-26,10024.381,11195.684,28261.75,55.278473,161917.64,Monday,August,2024
2024-08-27,10022.306,11191.121,28323.303,55.275295,162180.86,Tuesday,August,2024
2024-08-28,10019.376,11186.018,28277.885,55.27375,161881.64,Wednesday,August,2024
2024-08-29,10017.754,11184.537,28160.688,55.274178,161221.1,Thursday,August,2024
2024-08-30,10017.125,11183.481,28041.861,55.275265,160638.62,Friday,August,2024
2024-08-31,10018.432,11185.2705,28027.691,55.27677,160671.34,Saturday,August,2024
2024-09-01,10022.101,11191.801,28150.975,55.279236,161406.69,Sunday,September,2024
2024-09-02,10024.792,11196.517,28315.346,55.282288,162344.11,Monday,September,2024
2024-09-03,10024.523,11195.858,28427.922,55.284317,163019.73,Tuesday,September,2024
2024-09-04,10023.584,11195.68,28423.902,55.28598,163027.28,Wednesday,September,2024
2024-09-05,10022.471,11195.987,28324.81,55.28661,162499.72,Thursday,September,2024
2024-09-06,10021.815,11195.36,28250.836,55.28806,162203.17,Friday,September,2024
2024-09-07,10022.767,11196.023,28297.055,55.2913,162715.17,Saturday,September,2024
2024-09-08,10024.885,11198.081,28455.455,55.29418,163803.14,Sunday,September,2024
2024-09-09,10025.633,11196.3955,28651.396,55.295845,164770.42,Monday,September,2024
2024-09-10,10023.645,11189.665,28763.824,55.29592,165167.11,Tuesday,September,2024
2024-09-11,10020.772,11183.671,28731.256,55.29491,164921.33,Wednesday,September,2024
2024-09-12,10017.78,11178.973,28603.834,55.293404,164252.83,Thursday,September,2024
2024-09-13,10015.33,11173.823,28531.082,55.2934,163878.95,Friday,September,2024
2024-09-14,10015.196,11171.284,28591.465,55.29666,164214.17,Saturday,September,2024
2024-09-15,10016.426,11170.856,28756.055,55.299076,165043.1,Sunday,September,2024
2024-09-16,10016.733,11168.41,28938.207,55.299526,165842.44,Monday,September,2024
2024-09-17,10014.831,11162.377,29024.89,55.298378,166091.92,Tuesday,September,2024
2024-09-18,10012.519,11158.114,28970.035,55.297153,165747.73,Wednesday,September,2024
2024-09-19,10010.118,11155.254,28823.771,55.295685,165007.45,Thursday,September,2024
2024-09-20,10008.315,11152.099,28732.393,55.29583,164565.97,Friday,September,2024
2024-09-21,10008.796,11151.519,28774.986,55.29917,164837.27,Saturday,September,2024
2024-09-22,10010.563,11152.933,28921.332,55.30138,165596.77,Sunday,September,2024
2024-09-23,10011.502,11152.534,29087.467,55.301647,166339.27,Monday,September,2024
2024-09-24,10010.326,11148.707,29158.963,55.300377,166537.56,Tuesday,September,2024
2024-09-25,10008.717,11146.522,29089.064,55.29909,166144.27,Wednesday,September,2024
2024-09-26,10006.927,11145.457,28928.607,55.297592,165358.61,Thursday,September,2024
2024-09-27,10005.65,11143.858,28824.486,55.29771,164877.4,Friday,September,2024
2024-09-28,10006.531,11144.528,28856.707,55.30088,165118.5,Saturday,September,2024
2024-09-29,10008.671,11147.08,28992.934,55.303013,165845.61,Sunday,September,2024
2024-09-30,10009.952,11147.726,29150.533,55.303185,166561.38,Monday,September,2024
2024-10-01,10009.102,11144.864,29214.174,55.30181,166734.58,Tuesday,October,2024
2024-10-02,10008.093,11144.576,29150.605,55.302288,166334.17,Wednesday,October,2024
2024-10-03,10007.492,11147.197,29029.986,55.302727,165772.9,Thursday,October,2024
2024-10-04,10007.143,11148.467,28970.643,55.304417,165517.45,Friday,October,2024
2024-10-05,10008.696,11151.196,29042.162,55.30917,165953.8,Saturday,October,2024
2024-10-06,10012.281,11156.966,29241.178,55.31626,167026.83,Sunday,October,2024
2024-10-07,10014.976,11160.63,29463.44,55.32222,168074.72,Monday,October,2024
2024-10-08,10015.043,11159.957,29576.512,55.324642,168445.97,Tuesday,October,2024
2024-10-09,10013.6,11158.953,29523.37,55.323483,168085.19,Wednesday,October,2024
2024-10-10,10011.679,11158.582,29390.053,55.321117,167456.03,Thursday,October,2024
2024-10-11,10009.931,11156.281,29308.938,55.319965,167075.98,Friday,October,2024
2024-10-12,10010.14,11155.41,29354.105,55.32203,167364.25,Saturday,October,2024
2024-10-13,10012.655,11158.297,29526.318,55.3267,168302.83,Sunday,October,2024
2024-10-14,10014.687,11160.171,29724.182,55.330627,169244.0,Monday,October,2024
2024-10-15,10014.325,11158.3125,29812.611,55.33141,169511.78,Tuesday,October,2024
2024-10-16,10012.513,11156.236,29731.834,55.328903,169026.83,Wednesday,October,2024
2024-10-17,10010.26,11154.834,29571.488,55.32551,168267.36,Thursday,October,2024
2024-10-18,10008.247,11151.698,29466.414,55.323586,167769.48,Friday,October,2024
2024-10-19,10008.248,11150.202,29490.666,55.32499,167955.44,Saturday,October,2024
2024-10-20,10010.643,11152.762,29644.916,55.32905,168807.92,Sunday,October,2024
2024-10-21,10012.684,11154.679,29827.7,55.33247,169679.55,Monday,October,2024
2024-10-22,10012.427,11153.108,29902.768,55.332874,169887.5,Tuesday,October,2024
2024-10-23,10010.764,11151.412,29809.197,55.330105,169344.89,Wednesday,October,2024
2024-10-24,10008.675,11150.409,29637.729,55.326553,168535.62,Thursday,October,2024
2024-10-25,10006.822,11147.687,29523.049,55.324535,167995.89,Friday,October,2024
2024-10-26,10006.963,11146.579,29539.094,55.32583,168147.06,Saturday,October,2024
2024-10-27,10009.485,11149.515,29686.355,55.329773,168970.1,Sunday,October,2024
2024-10-28,10011.66,11151.825,29863.205,55.33308,169817.1,Monday,October,2024
2024-10-29,10011.549,11150.662,29933.156,55.333397,170004.38,Tuesday,October,2024
2024-10-30,10010.028,11149.354,29834.877,55.330563,169442.69,Wednesday,October,2024
2024-10-31,10008.068,11148.697,29659.402,55.326977,168617.64,Thursday,October,2024
2024-11-01,10006.325,11146.275,29541.316,55.324924,168065.08,Friday,November,2024
2024-11-02,10007.019,11146.656,29551.268,55.32668,168119.25,Saturday,November,2024
2024-11-03,10010.985,11153.687,29712.008,55.332237,168950.94,Sunday,November,2024
2024-11-04,10014.598,11160.703,29894.12,55.33703,169800.84,Monday,November,2024
2024-11-05,10015.801,11164.3955,29951.537,55.338352,169960.38,Tuesday,November,2024
2024-11-06,10016.77,11170.893,29859.312,55.337822,169492.2,Wednesday,November,2024
2024-11-07,10017.494,11178.068,29700.682,55.336445,168783.64,Thursday,November,2024
2024-11-08,10017.921,11181.663,29609.137,55.3354,168368.19,Friday,November,2024
2024-11-09,10019.777,11185.106,29636.182,55.336994,168564.62,Saturday,November,2024
2024-11-10,10024.01,11192.56,29798.805,55.34159,169461.2,Sunday,November,2024
2024-11-11,10027.391,11198.582,29976.307,55.345116,170346.4,Monday,November,2024
2024-11-12,10027.806,11199.885,30022.43,55.345036,170498.33,Tuesday,November,2024
2024-11-13,10027.359,11202.531,29906.312,55.342697,169928.44,Wednesday,November,2024
2024-11-14,10026.368,11205.01,29721.6,55.339485,169080.12,Thursday,November,2024
2024-11-15,10025.052,11203.674,29608.91,55.336777,168532.97,Friday,November,2024
2024-11-16,10025.361,11202.559,29623.734,55.337143,168638.77,Saturday,November,2024
2024-11-17,10028.284,11206.064,29779.428,55.340847,169478.73,Sunday,November,2024
2024-11-18,10030.594,11208.813,29954.29,55.34375,170336.34,Monday,November,2024
2024-11-19,10030.082,11207.302,30000.021,55.34329,170473.14,Tuesday,November,2024
2024-11-20,10028.764,11207.37,29882.963,55.340652,169881.97,Wednesday,November,2024
2024-11-21,10027.019,11207.615,29698.107,55.33726,169014.44,Thursday,November,2024
2024-11-22,10025.1,11204.475,29586.12,55.334496,168452.81,Friday,November,2024
2024-11-23,10024.971,11202.018,29602.896,55.334915,168554.08,Saturday,November,2024
2024-11-24,10027.585,11204.574,29761.047,55.338726,169395.64,Sunday,November,2024
2024-11-25,10029.699,11206.708,29938.828,55.341785,170259.78,Monday,November,2024
2024-11-26,10029.084,11204.842,29987.613,55.34153,170405.53,Tuesday,November,2024
2024-11-27,10027.732,11204.743,29873.838,55.339123,169826.34,Wednesday,November,2024
2024-11-28,10026.004,11204.963,29692.117,55.33597,168971.55,Thursday,November,2024
2024-11-29,10024.137,11201.907,29582.88,55.333435,168422.27,Friday,November,2024
2024-11-30,10024.073,11199.602,29601.557,55.334057,168532.72,Saturday,November,2024
2024-12-01,10026.757,11202.34,29761.08,55.338028,169381.05,Sunday,December,2024
2024-12-02,10028.702,11204.5205,29878.625,55.339333,169900.42,Monday,December,2024
2024-12-03,10028.895,11205.809,29862.238,55.338264,169721.95,Tuesday,December,2024
2024-12-04,10029.896,11212.772,29711.98,55.337177,168978.94,Wednesday,December,2024
2024-12-05,10031.649,11222.679,29531.127,55.33666,168109.69,Thursday,December,2024
2024-12-06,10033.973,11231.145,29446.988,55.336952,167666.84,Friday,December,2024
2024-12-07,10038.289,11240.783,29491.479,55.339775,167907.58,Saturday,December,2024
2024-12-08,10045.126,11254.776,29641.984,55.345,168757.69,Sunday,December,2024
2024-12-09,10050.255,11265.189,29761.285,55.347687,169379.08,Monday,December,2024
2024-12-10,10051.424,11269.524,29735.143,55.346783,169247.66,Tuesday,December,2024
2024-12-11,10052.074,11276.346,29568.275,55.34479,168495.2,Wednesday,December,2024
2024-12-12,10053.294,11285.014,29380.139,55.34288,167603.48,Thursday,December,2024
2024-12-13,10055.577,11292.279,29281.775,55.34212,167038.0,Friday,December,2024
2024-12-14,10060.157,11300.595,29323.928,55.344345,167178.75,Saturday,December,2024
2024-12-15,10068.51,11315.766,29472.674,55.349575,167967.2,Sunday,December,2024
2024-12-16,10072.624,11322.2295,29592.307,55.351242,168585.53,Monday,December,2024
2024-12-17,10071.559,11320.239,29565.354,55.348934,168443.5,Tuesday,December,2024
2024-12-18,10069.616,11320.069,29415.701,55.345676,167708.88,Wednesday,December,2024
2024-12-19,10068.589,11321.844,29275.78,55.3444,166728.4,Thursday,December,2024
2024-12-20,10068.665,11322.8955,29190.818,55.343525,166093.39,Friday,December,2024
2024-12-21,10071.067,11325.845,29226.387,55.34445,166293.61,Saturday,December,2024
2024-12-22,10078.122,11337.602,29377.27,55.349182,167152.89,Sunday,December,2024
2024-12-23,10080.715,11340.282,29498.371,55.35017,167852.78,Monday,December,2024
2024-12-24,10078.174,11334.5625,29481.508,55.34766,167767.47,Tuesday,December,2024
2024-12-25,10075.073,11331.097,29361.799,55.34525,167048.67,Wednesday,December,2024
2024-12-26,10072.752,11329.937,29226.994,55.34351,166154.47,Thursday,December,2024
2024-12-27,10071.797,11328.684,29145.871,55.34239,165591.92,Friday,December,2024
2024-12-28,10073.3955,11329.882,29185.555,55.3432,165859.58,Saturday,December,2024
2024-12-29,10079.895,11340.46,29340.814,55.34795,166779.53,Sunday,December,2024
2024-12-30,10081.964,11342.051,29465.717,55.34894,167532.86,Monday,December,2024
2024-12-31,10078.976,11335.423,29453.025,55.346462,167498.73,Tuesday,December,2024
2025-01-01,10075.523,11331.264,29337.684,55.344116,166828.27,Wednesday,January,2025
2025-01-02,10076.711,11339.209,29282.477,55.34715,166360.53,Thursday,January,2025
2025-01-03,10086.108,11364.225,29408.977,55.35815,166843.38,Friday,January,2025
2025-01-04,10103.815,11404.196,29676.148,55.37543,168113.53,Saturday,January,2025
2025-01-05,10129.341,11458.878,30031.121,55.397903,169782.36,Sunday,January,2025
2025-01-06,10149.599,11501.991,30305.914,55.414696,170988.1,Monday,January,2025
2025-01-07,10158.214,11522.274,30401.508,55.422546,171277.36,Tuesday,January,2025
2025-01-08,10161.6045,11534.696,30360.303,55.42524,170748.03,Wednesday,January,2025
2025-01-09,10165.382,11548.789,30295.25,55.426636,169964.44,Thursday,January,2025
2025-01-10,10172.728,11567.215,30311.838,55.42426,169466.52,Friday,January,2025
2025-01-11,10191.455,11605.835,30503.484,55.42181,169652.05,Saturday,January,2025
2025-01-12,10218.467,11659.86,30799.342,55.42792,170494.45,Sunday,January,2025
2025-01-13,10237.136,11695.506,30983.959,55.435482,171085.08,Monday,January,2025
2025-01-14,10236.922,11692.746,30932.652,55.437214,170832.3,Tuesday,January,2025
2025-01-15,10230.292,11680.319,30774.955,55.429848,169801.94,Wednesday,January,2025
2025-01-16,10224.859,11671.8,30631.992,55.417717,168570.03,Thursday,January,2025
2025-01-17,10223.021,11668.415,30572.088,55.40786,167831.61,Friday,January,2025
2025-01-18,10234.182,11689.65,30697.777,55.40555,168024.3,Saturday,January,2025
2025-01-19,10254.624,11729.407,30954.322,55.414215,169069.48,Sunday,January,2025
2025-01-20,10266.968,11751.19,31094.36,55.423607,169806.69,Monday,January,2025
2025-01-21,10260.144,11733.991,30997.215,55.426548,169674.06,Tuesday,January,2025
2025-01-22,10247.623,11709.01,30805.68,55.420444,168788.58,Wednesday,January,2025
2025-01-23,10237.204,11690.095,30638.156,55.409657,167706.72,Thursday,January,2025
2025-01-24,10231.341,11678.624,30561.975,55.401337,167126.19,Friday,January,2025
2025-01-25,10239.047,11693.083,30675.48,55.40055,167473.0,Saturday,January,2025
2025-01-26,10256.481,11727.075,30919.59,55.410637,168644.53,Sunday,January,2025
2025-01-27,10266.143,11743.718,31052.504,55.420883,169495.97,Monday,January,2025
2025-01-28,10257.595,11723.677,30957.557,55.424915,169495.0,Tuesday,January,2025
2025-01-29,10244.085,11697.351,30770.758,55.419823,168724.67,Wednesday,January,2025
2025-01-30,10233.145,11678.027,30609.262,55.410034,167741.92,Thursday,January,2025
2025-01-31,10226.971,11666.535,30538.053,55.402504,167235.34,Friday,January,2025
2025-02-01,10234.046,11680.191,30651.32,55.40231,167632.27,Saturday,February,2025
2025-02-02,10251.291,11714.535,30860.53,55.4098,168578.77,Sunday,February,2025
2025-02-03,10262.011,11734.625,30959.24,55.416195,169081.88,Monday,February,2025
2025-02-04,10253.362,11714.712,30824.963,55.416786,168738.8,Tuesday,February,2025
2025-02-05,10239.179,11686.769,30609.1,55.409462,167738.64,Wednesday,February,2025
2025-02-06,10228.487,11668.332,30422.092,55.39689,166501.0,Thursday,February,2025
2025-02-07,10224.54,11662.652,30339.098,55.385525,165687.38,Friday,February,2025
2025-02-08,10237.477,11690.664,30465.234,55.380924,165744.52,Saturday,February,2025
2025-02-09,10261.795,11742.256,30728.684,55.386623,166559.56,Sunday,February,2025
2025-02-10,10277.967,11774.855,30865.973,55.39401,167056.9,Monday,February,2025
2025-02-11,10272.687,11761.251,30745.033,55.394157,166625.44,Tuesday,February,2025
2025-02-12,10259.18,11733.595,30534.787,55.387253,165631.9,Wednesday,February,2025
2025-02-13,10248.647,11714.519,30361.428,55.37549,164475.64,Thursday,February,2025
2025-02-14,10246.098,11711.195,30301.762,55.364697,163738.36,Friday,February,2025
2025-02-15,10260.552,11742.626,30465.541,55.36207,163991.3,Saturday,February,2025
2025-02-16,10286.3955,11797.6045,30764.38,55.36952,164995.23,Sunday,February,2025
2025-02-17,10302.814,11830.446,30917.723,55.3787,165643.7,Monday,February,2025
2025-02-18,10296.322,11813.403,30782.18,55.379803,165237.56,Tuesday,February,2025
2025-02-19,10280.523,11779.748,30552.088,55.372974,164245.05,Wednesday,February,2025
2025-02-20,10267.768,11755.129,30367.592,55.361507,163136.86,Thursday,February,2025
2025-02-21,10264.013,11748.773,30307.686,55.351135,162465.7,Friday,February,2025
2025-02-22,10277.686,11778.676,30485.768,55.350033,162880.42,Saturday,February,2025
2025-02-23,10303.022,11832.747,30797.326,55.358944,164032.0,Sunday,February,2025
2025-02-24,10318.446,11863.427,30954.574,55.36959,164807.86,Monday,February,2025
2025-02-25,10310.18,11842.432,30807.459,55.371876,164468.44,Tuesday,February,2025
2025-02-26,10292.463,11804.234,30563.3,55.365204,163494.75,Wednesday,February,2025
2025-02-27,10278.031,11775.777,30371.117,55.35405,162429.5,Thursday,February,2025
2025-02-28,10273.109,11766.937,30309.99,55.3443,161823.94,Friday,February,2025
2025-03-01,10285.978,11795.314,30492.574,55.34408,162327.98,Saturday,March,2025
2025-03-02,10306.421,11838.457,30743.52,55.35225,163397.84,Sunday,March,2025
2025-03-03,10315.667,11855.48,30835.799,55.36223,164090.0,Monday,March,2025
2025-03-04,10300.858,11819.996,30624.59,55.363743,163689.02,Tuesday,March,2025
2025-03-05,10278.025,11770.147,30325.617,55.356277,162650.86,Wednesday,March,2025
2025-03-06,10258.747,11730.4795,30077.63,55.343647,161495.31,Thursday,March,2025
2025-03-07,10248.472,11709.909,29951.139,55.33068,160699.11,Friday,March,2025
2025-03-08,10256.028,11727.586,30054.76,55.32705,160907.47,Saturday,March,2025
2025-03-09,10275.353,11769.703,30300.395,55.333378,161852.02,Sunday,March,2025
2025-03-10,10285.697,11790.178,30421.537,55.344032,162636.39,Monday,March,2025
2025-03-11,10274.04,11762.444,30272.236,55.347378,162466.66,Tuesday,March,2025
2025-03-12,10255.242,11722.267,30042.121,55.34297,161715.4,Wednesday,March,2025
2025-03-13,10240.089,11692.246,29859.441,55.333496,160834.06,Thursday,March,2025
2025-03-14,10233.242,11679.548,29784.86,55.32321,160255.98,Friday,March,2025
2025-03-15,10243.774,11703.912,29924.945,55.321114,160578.69,Saturday,March,2025
2025-03-16,10265.53,11751.373,30198.682,55.328476,161592.77,Sunday,March,2025
2025-03-17,10278.128,11776.693,30344.473,55.33985,162424.5,Monday,March,2025
2025-03-18,10268.673,11753.632,30218.033,55.344,162300.84,Tuesday,March,2025
2025-03-19,10251.653,11717.149,30005.627,55.340336,161587.28,Wednesday,March,2025
2025-03-20,10237.898,11689.945,29836.338,55.33143,160732.58,Thursday,March,2025
2025-03-21,10232.282,11679.665,29772.662,55.321507,160170.3,Friday,March,2025
2025-03-22,10243.839,11706.022,29922.812,55.319603,160507.34,Saturday,March,2025
2025-03-23,10266.456,11755.118,30204.488,55.327133,161531.27,Sunday,March,2025
2025-03-24,10279.699,11781.596,30355.447,55.338634,162366.5,Monday,March,2025
2025-03-25,10270.62,11759.117,30228.805,55.342983,162233.12,Tuesday,March,2025
2025-03-26,10253.6875,11722.532,30013.816,55.33927,161500.06,Wednesday,March,2025
2025-03-27,10239.917,11695.046,29842.578,55.330307,160633.22,Thursday,March,2025
2025-03-28,10234.356,11684.691,29778.441,55.320343,160064.2,Friday,March,2025
2025-03-29,10245.978,11711.079,29930.688,55.318512,160411.7,Saturday,March,2025
2025-03-30,10268.663,11760.229,30214.168,55.32614,161446.67,Sunday,March,2025
2025-03-31,10281.902,11786.601,30365.633,55.33774,162289.8,Monday,March,2025
2025-04-01,10272.647,11763.655,30236.32,55.3422,162155.36,Tuesday,April,2025
2025-04-02,10251.172,11715.58,29964.506,55.338295,161365.17,Wednesday,April,2025
2025-04-03,10231.18,11672.589,29712.385,55.327225,160318.5,Thursday,April,2025
2025-04-04,10218.954,11646.075,29571.967,55.315598,159641.9,Friday,April,2025
2025-04-05,10218.582,11644.882,29602.111,55.311592,159810.3,Saturday,April,2025
2025-04-06,10227.729,11663.675,29766.66,55.317944,160739.23,Sunday,April,2025
2025-04-07,10228.965,11663.918,29854.223,55.328556,161682.08,Monday,April,2025
2025-04-08,10216.002,11633.997,29765.13,55.334305,161945.66,Tuesday,April,2025
2025-04-09,10198.372,11596.906,29596.025,55.3337,161618.14,Wednesday,April,2025
2025-04-10,10183.532,11567.342,29435.043,55.327198,161011.9,Thursday,April,2025
2025-04-11,10176.224,11553.317,29366.775,55.319714,160677.27,Friday,April,2025
2025-04-12,10179.332,11560.26,29432.775,55.316414,160914.83,Saturday,April,2025
2025-04-13,10191.311,11585.814,29624.373,55.322872,161851.64,Sunday,April,2025
2025-04-14,10196.199,11594.694,29746.588,55.33334,162786.52,Monday,April,2025
2025-04-15,10188.338,11577.095,29710.312,55.340782,163146.1,Tuesday,April,2025
2025-04-16,10175.912,11552.17,29583.375,55.34149,162853.25,Wednesday,April,2025
2025-04-17,10165.551,11532.8125,29450.793,55.335846,162233.66,Thursday,April,2025
2025-04-18,10161.775,11526.557,29399.018,55.32864,161841.84,Friday,April,2025
2025-04-19,10167.405,11538.779,29469.893,55.324883,161972.7,Saturday,April,2025
2025-04-20,10181.49,11568.427,29660.436,55.330036,162757.45,Sunday,April,2025
2025-04-21,10188.3545,11581.192,29783.67,55.339375,163561.58,Monday,April,2025
2025-04-22,10182.364,11567.437,29751.436,55.34636,163836.44,Tuesday,April,2025
2025-04-23,10171.531,11545.723,29625.502,55.34661,163458.56,Wednesday,April,2025
2025-04-24,10162.403,11528.757,29491.195,55.340454,162755.98,Thursday,April,2025
2025-04-25,10159.53,11524.132,29435.96,55.33268,162284.61,Friday,April,2025
2025-04-26,10165.864,11537.555,29502.697,55.328316,162339.67,Saturday,April,2025
2025-04-27,10180.55,11568.156,29688.957,55.332798,163050.1,Sunday,April,2025
2025-04-28,10187.907,11581.692,29808.684,55.341595,163793.75,Monday,April,2025
2025-04-29,10182.241,11568.399,29772.93,55.348186,164020.69,Tuesday,April,2025
2025-04-30,10171.628,11546.946,29643.523,55.348087,163601.72,Wednesday,April,2025
2025-05-01,10162.643,11530.101,29505.951,55.341606,162863.5,Thursday,May,2025
2025-05-02,10157.73,11520.187,29424.584,55.33437,162419.22,Friday,May,2025
2025-05-03,10159.558,11522.864,29451.277,55.330685,162517.1,Saturday,May,2025
2025-05-04,10166.149,11534.746,29594.002,55.336113,163389.55,Sunday,May,2025
2025-05-05,10167.312,11534.741,29710.875,55.34706,164459.3,Monday,May,2025
2025-05-06,10160.142,11518.195,29705.873,55.355553,165009.62,Tuesday,May,2025
2025-05-07,10148.66,11494.411,29591.047,55.356228,164790.39,Wednesday,May,2025
2025-05-08,10138.874,11475.218,29460.771,55.350643,164225.39,Thursday,May,2025
2025-05-09,10134.85,11467.501,29393.404,55.343544,163828.66,Friday,May,2025
2025-05-10,10138.099,11473.971,29436.965,55.340473,163976.45,Saturday,May,2025
2025-05-11,10145.312,11488.046,29586.264,55.345932,164837.34,Sunday,May,2025
2025-05-12,10148.361,11492.971,29716.541,55.356346,165854.61,Monday,May,2025
2025-05-13,10143.645,11482.416,29724.78,55.36428,166330.31,Tuesday,May,2025
2025-05-14,10134.832,11464.996,29622.002,55.364574,166031.14,Wednesday,May,2025
2025-05-15,10127.481,11451.534,29500.059,55.358677,165380.36,Thursday,May,2025
2025-05-16,10125.557,11448.694,29438.77,55.351265,164899.52,Friday,May,2025
2025-05-17,10130.547,11459.144,29485.012,55.347694,164950.88,Saturday,May,2025
2025-05-18,10139.217,11476.48,29634.822,55.35247,165708.33,Sunday,May,2025
2025-05-19,10143.563,11484.2295,29764.365,55.36209,166619.89,Monday,May,2025
2025-05-20,10139.989,11476.101,29770.74,55.369297,166996.39,Tuesday,May,2025
2025-05-21,10132.163,11460.746,29665.4,55.368984,166607.72,Wednesday,May,2025
2025-05-22,10125.607,11448.922,29540.215,55.362526,165875.5,Thursday,May,2025
2025-05-23,10124.305,11447.315,29475.408,55.3546,165321.62,Friday,May,2025
2025-05-24,10129.781,11458.683,29518.023,55.350536,165306.58,Saturday,May,2025
2025-05-25,10138.832,11476.709,29664.441,55.35485,166005.6,Sunday,May,2025
2025-05-26,10143.479,11484.969,29790.719,55.364063,166865.81,Monday,May,2025
2025-05-27,10140.118,11477.176,29793.67,55.370922,167197.08,Tuesday,May,2025
2025-05-28,10132.436,11462.024,29685.05,55.370316,166769.84,Wednesday,May,2025
2025-05-29,10125.976,11450.308,29556.873,55.363598,166004.47,Thursday,May,2025
2025-05-30,10124.732,11448.738,29489.398,55.35544,165422.05,Friday,May,2025
2025-05-31,10130.251,11460.111,29529.848,55.35118,165383.95,Saturday,May,2025
2025-06-01,10139.332,11478.128,29674.494,55.35534,166064.42,Sunday,June,2025
2025-06-02,10144.598,11487.711,29822.113,55.367317,167152.14,Monday,June,2025
2025-06-03,10141.762,11480.741,29842.725,55.376743,167708.83,Tuesday,June,2025
2025-06-04,10134.114,11465.2705,29743.703,55.377876,167459.44,Wednesday,June,2025
2025-06-05,10127.566,11453.015,29622.719,55.37256,166839.2,Thursday,June,2025
2025-06-06,10125.952,11450.1455,29557.111,55.365734,166365.34,Friday,June,2025
2025-06-07,10131.179,11460.502,29603.715,55.36347,166473.73,Saturday,June,2025
2025-06-08,10140.247,11478.073,29760.771,55.370205,167342.11,Sunday,June,2025
2025-06-09,10144.738,11485.548,29896.09,55.3814,168355.28,Monday,June,2025
2025-06-10,10140.89,11476.33,29909.7,55.38923,168833.69,Tuesday,June,2025
2025-06-11,10132.157,11458.632,29808.443,55.38855,168515.47,Wednesday,June,2025
2025-06-12,10125.115,11445.245,29668.812,55.381004,167706.19,Thursday,June,2025
2025-06-13,10123.198,11441.939,29591.846,55.372562,167099.22,Friday,June,2025
2025-06-14,10128.23,11452.171,29631.027,55.369164,167112.03,Saturday,June,2025
2025-06-15,10137.189,11469.8545,29783.553,55.374992,167907.44,Sunday,June,2025
2025-06-16,10141.719,11477.715,29915.418,55.385303,168851.11,Monday,June,2025
2025-06-17,10137.738,11468.62,29933.09,55.392513,169314.48,Tuesday,June,2025
2025-06-18,10129.117,11451.458,29833.348,55.391304,168963.61,Wednesday,June,2025
2025-06-19,10122.459,11438.996,29686.97,55.38313,168066.7,Thursday,June,2025
2025-06-20,10120.901,11436.603,29606.682,55.37434,167404.28,Friday,June,2025
2025-06-21,10126.243,11447.633,29643.482,55.370674,167373.17,Saturday,June,2025
2025-06-22,10135.447,11465.96,29794.455,55.376278,168133.4,Sunday,June,2025
2025-06-23,10140.213,11474.412,29925.162,55.386356,169045.5,Monday,June,2025
2025-06-24,10136.391,11465.752,29943.557,55.393402,169493.5,Tuesday,June,2025
2025-06-25,10127.965,11449.071,29843.875,55.392082,169125.06,Wednesday,June,2025
2025-06-26,10121.535,11437.109,29695.61,55.383762,168199.28,Thursday,June,2025
2025-06-27,10120.166,11435.134,29614.164,55.374893,167516.47,Friday,June,2025
2025-06-28,10125.658,11446.499,29649.975,55.371155,167468.0,Saturday,June,2025
2025-06-29,10134.978,11465.077,29800.176,55.37669,168213.78,Sunday,June,2025
2025-06-30,10139.842,11473.736,29930.227,55.386692,169113.2,Monday,June,2025
2025-07-01,10136.089,11465.229,29948.352,55.39369,169552.66,Tuesday,July,2025
2025-07-02,10129.063,11452.002,29872.87,55.394405,169375.62,Wednesday,July,2025
2025-07-03,10124.055,11443.427,29744.096,55.38935,168656.69,Thursday,July,2025
2025-07-04,10123.293,11442.469,29670.104,55.383545,168127.23,Friday,July,2025
2025-07-05,10128.344,11452.0,29724.598,55.384438,168394.84,Saturday,July,2025
2025-07-06,10137.398,11469.33,29892.42,55.39443,169443.11,Sunday,July,2025
2025-07-07,10142.3125,11477.711,30043.076,55.40787,170611.9,Monday,July,2025
2025-07-08,10140.214,11472.654,30136.771,55.4095,171273.75,Tuesday,July,2025
2025-07-09,10132.7,11457.981,30079.174,55.405014,171040.19,Wednesday,July,2025
2025-07-10,10126.031,11445.613,29929.158,55.398815,170199.7,Thursday,July,2025
2025-07-11,10123.13,11439.778,29812.56,55.394756,169552.38,Friday,July,2025
2025-07-12,10126.367,11445.321,29835.363,55.397205,169749.39,Saturday,July,2025
2025-07-13,10134.658,11461.023,29996.36,55.405716,170726.27,Sunday,July,2025
2025-07-14,10140.244,11470.968,30168.078,55.413345,171774.88,Monday,July,2025
2025-07-15,10137.586,11465.076,30258.877,55.414333,172398.5,Tuesday,July,2025
2025-07-16,10129.79,11450.107,30195.002,55.40929,172100.39,Wednesday,July,2025
2025-07-17,10123.006,11437.781,30037.021,55.402645,171186.38,Thursday,July,2025
2025-07-18,10120.225,11432.42,29907.64,55.398277,170439.0,Friday,July,2025
2025-07-19,10123.608,11438.508,29920.246,55.40048,170553.16,Saturday,July,2025
2025-07-20,10132.073,11454.814,30073.107,55.408764,171458.06,Sunday,July,2025
2025-07-21,10137.805,11465.333,30240.363,55.416145,172454.45,Monday,July,2025
2025-07-22,10135.373,11460.129,30325.404,55.416874,173016.44,Tuesday,July,2025
2025-07-23,10127.858,11445.906,30255.693,55.41161,172657.42,Wednesday,July,2025
2025-07-24,10121.351,11434.274,30091.855,55.40478,171685.78,Thursday,July,2025
2025-07-25,10118.854,11429.586,29955.604,55.40025,170877.11,Friday,July,2025
2025-07-26,10122.47,11436.2295,29962.316,55.402294,170937.89,Saturday,July,2025
2025-07-27,10131.132,11453.001,30110.19,55.410423,171795.92,Sunday,July,2025
2025-07-28,10137.022,11463.899,30273.672,55.417633,172753.72,Monday,July,2025
2025-07-29,10134.747,11459.051,30354.896,55.41821,173277.95,Tuesday,July,2025
2025-07-30,10127.379,11445.141,30281.617,55.412804,172884.4,Wednesday,July,2025
2025-07-31,10120.993,11433.763,30114.445,55.40584,171881.86,Thursday,July,2025
2025-08-01,10118.599,11429.283,29975.031,55.4012,171044.78,Friday,August,2025
2025-08-02,10123.274,11438.312,30014.242,55.40544,171302.22,Saturday,August,2025
2025-08-03,10132.571,11455.866,30207.531,55.416267,172498.89,Sunday,August,2025
2025-08-04,10139.608,11468.88,30402.953,55.425457,173709.55,Monday,August,2025
2025-08-05,10138.474,11466.183,30505.133,55.427273,174407.5,Tuesday,August,2025
2025-08-06,10132.679,11455.795,30455.453,55.42302,174183.44,Wednesday,August,2025
2025-08-07,10127.39,11446.791,30305.096,55.41723,173309.66,Thursday,August,2025
2025-08-08,10124.693,11441.239,30199.13,55.414196,172740.44,Friday,August,2025
2025-08-09,10127.368,11444.854,30242.277,55.417793,173123.0,Saturday,August,2025
2025-08-10,10134.528,11456.97,30435.445,55.42773,174396.27,Sunday,August,2025
2025-08-11,10139.941,11465.968,30635.885,55.43635,175688.61,Monday,August,2025
2025-08-12,10137.784,11460.893,30733.576,55.437435,176373.64,Tuesday,August,2025
2025-08-13,10130.919,11448.226,30674.477,55.43224,176086.8,Wednesday,August,2025
2025-08-14,10124.492,11436.8545,30513.44,55.425617,175145.7,Thursday,August,2025
2025-08-15,10120.707,11429.191,30396.086,55.42186,174512.48,Friday,August,2025
2025-08-16,10122.525,11431.297,30425.62,55.42479,174814.38,Saturday,August,2025
2025-08-17,10129.275,11442.955,30607.982,55.434193,176008.7,Sunday,August,2025
2025-08-18,10134.645,11452.33,30797.885,55.44235,177206.61,Monday,August,2025
2025-08-19,10132.717,11448.229,30885.342,55.442993,177790.8,Tuesday,August,2025
2025-08-20,10126.178,11436.648,30814.922,55.43739,177394.86,Wednesday,August,2025
2025-08-21,10120.086,11426.328,30641.818,55.430393,176345.6,Thursday,August,2025
2025-08-22,10116.652,11419.722,30512.412,55.42632,175607.78,Friday,August,2025
2025-08-23,10118.822,11422.8545,30531.016,55.42895,175811.98,Saturday,August,2025
2025-08-24,10125.944,11435.553,30703.463,55.43805,176912.31,Sunday,August,2025
2025-08-25,10131.712,11446.0,30884.674,55.44585,178020.44,Monday,August,2025
2025-08-26,10130.2,11442.954,30963.129,55.446182,178514.31,Tuesday,August,2025
2025-08-27,10124.0625,11432.334,30884.066,55.44028,178033.69,Wednesday,August,2025
2025-08-28,10118.325,11422.846,30702.703,55.43301,176906.94,Thursday,August,2025
2025-08-29,10115.199,11416.946,30565.879,55.428707,176100.17,Friday,August,2025
2025-08-30,10117.632,11420.671,30578.053,55.43112,176243.66,Saturday,August,2025
2025-08-31,10124.9795,11433.873,30744.83,55.44001,177289.38,Sunday,August,2025
2025-09-01,10130.938,11444.747,30922.158,55.44755,178354.53,Monday,September,2025
2025-09-02,10129.99,11443.222,30993.242,55.448612,178776.12,Tuesday,September,2025
2025-09-03,10125.477,11436.456,30918.945,55.44423,178315.28,Wednesday,September,2025
2025-09-04,10120.833,11429.729,30754.895,55.438683,177303.05,Thursday,September,2025
2025-09-05,10118.359,11425.258,30664.428,55.436356,176789.3,Friday,September,2025
2025-09-06,10120.381,11427.395,30720.906,55.439835,177248.66,Saturday,September,2025
2025-09-07,10126.969,11437.458,30966.88,55.449852,178667.42,Sunday,September,2025
2025-09-08,10131.586,11443.169,31237.46,55.459194,180061.34,Monday,September,2025
2025-09-09,10130.3,11438.678,31350.295,55.461536,180623.44,Tuesday,September,2025
2025-09-10,10124.142,11427.208,31256.436,55.456745,180164.64,Wednesday,September,2025
2025-09-11,10116.853,11414.397,31075.287,55.4504,179226.06,Thursday,September,2025
2025-09-12,10112.12,11404.567,31002.04,55.448032,178764.44,Friday,September,2025
2025-09-13,10112.399,11402.233,31113.812,55.45225,179245.83,Saturday,September,2025
2025-09-14,10117.742,11409.468,31387.828,55.462193,180656.02,Sunday,September,2025
2025-09-15,10121.633,11414.232,31660.59,55.470505,182068.25,Monday,September,2025
2025-09-16,10120.225,11410.205,31766.14,55.471935,182601.66,Tuesday,September,2025
2025-09-17,10114.355,11400.013,31657.11,55.466515,182073.89,Wednesday,September,2025
2025-09-18,10107.369,11388.438,31452.62,55.45972,181031.39,Thursday,September,2025
2025-09-19,10103.009,11380.011,31352.406,55.456985,180450.02,Friday,September,2025
2025-09-20,10103.728,11379.277,31437.115,55.460823,180810.88,Saturday,September,2025
2025-09-21,10109.597,11388.318,31684.936,55.470215,182100.22,Sunday,September,2025
2025-09-22,10114.19,11395.321,31933.064,55.4779,183398.95,Monday,September,2025
2025-09-23,10113.597,11393.689,32012.953,55.478676,183810.45,Tuesday,September,2025
2025-09-24,10108.597,11385.907,31879.96,55.472706,183172.38,Wednesday,September,2025
2025-09-25,10102.449,11376.5205,31649.582,55.465454,182005.52,Thursday,September,2025
2025-09-26,10098.823,11370.0,31524.879,55.462315,181308.08,Friday,September,2025
2025-09-27,10100.181,11370.935,31588.13,55.46575,181567.9,Saturday,September,2025
2025-09-28,10106.601,11381.416,31816.932,55.474686,182765.34,Sunday,September,2025
2025-09-29,10111.715,11389.775,32048.258,55.481903,183982.36,Monday,September,2025
2025-09-30,10111.605,11389.367,32112.314,55.482204,184315.72,Tuesday,September,2025
2025-10-01,10107.047,11382.661,31964.406,55.475807,183603.7,Wednesday,October,2025
2025-10-02,10101.574,11375.111,31728.82,55.469326,182339.61,Thursday,October,2025
2025-10-03,10098.865,11370.793,31613.938,55.467255,181625.72,Friday,October,2025
2025-10-04,10100.958,11373.288,31691.05,55.471603,181896.42,Saturday,October,2025
2025-10-05,10107.689,11384.112,31946.01,55.481625,183124.55,Sunday,October,2025
2025-10-06,10112.842,11392.054,32205.51,55.489933,184362.17,Monday,October,2025
2025-10-07,10112.892,11391.851,32300.764,55.491695,184769.6,Tuesday,October,2025
2025-10-08,10109.261,11387.327,32179.225,55.48687,184137.47,Wednesday,October,2025
2025-10-09,10103.883,11380.02,31959.766,55.480015,183027.9,Thursday,October,2025
2025-10-10,10100.141,11373.048,31842.715,55.47652,182353.86,Friday,October,2025
2025-10-11,10100.922,11372.037,31916.172,55.47936,182638.95,Saturday,October,2025
2025-10-12,10106.339,11379.361,32167.152,55.48779,183879.64,Sunday,October,2025
2025-10-13,10110.662,11385.118,32429.178,55.494884,185177.69,Monday,October,2025
2025-10-14,10110.075,11383.32,32524.521,55.4957,185637.14,Tuesday,October,2025
2025-10-15,10105.751,11377.103,32394.428,55.490112,185005.12,Wednesday,October,2025
2025-10-16,10099.733,11368.192,32163.555,55.482822,183874.27,Thursday,October,2025
2025-10-17,10095.43,11359.848,32034.53,55.479126,183167.56,Friday,October,2025
2025-10-18,10095.755,11357.836,32096.443,55.481773,183416.56,Saturday,October,2025
2025-10-19,10100.881,11364.655,32336.996,55.489975,184623.0,Sunday,October,2025
2025-10-20,10105.159,11370.587,32589.865,55.496834,185892.42,Monday,October,2025
2025-10-21,10104.757,11369.501,32675.695,55.497486,186319.83,Tuesday,October,2025
2025-10-22,10100.742,11364.202,32534.408,55.49185,185644.98,Wednesday,October,2025
2025-10-23,10095.1,11356.314,32291.97,55.48463,184468.16,Thursday,October,2025
2025-10-24,10091.163,11348.98,32150.963,55.481003,183712.1,Friday,October,2025
2025-10-25,10091.84,11347.972,32201.766,55.483665,183916.19,Saturday,October,2025
2025-10-26,10097.303,11355.779,32432.229,55.491795,185079.67,Sunday,October,2025
2025-10-27,10101.934,11362.727,32675.363,55.498524,186305.55,Monday,October,2025
2025-10-28,10101.927,11362.721,32751.854,55.499054,186690.11,Tuesday,October,2025
2025-10-29,10098.325,11358.4795,32601.59,55.49332,185973.64,Wednesday,October,2025
2025-10-30,10093.07,11351.557,32350.674,55.486046,184757.28,Thursday,October,2025
2025-10-31,10089.472,11345.064,32201.81,55.482353,183964.62,Friday,October,2025
2025-11-01,10090.437,11344.78,32245.805,55.484936,184137.53,Saturday,November,2025
2025-11-02,10096.147,11353.393,32445.342,55.49252,185036.12,Sunday,November,2025
2025-11-03,10101.409,11362.432,32652.738,55.498745,185984.83,Monday,November,2025
2025-11-04,10102.393,11365.577,32688.754,55.498787,186090.34,Tuesday,November,2025
2025-11-05,10100.841,11367.155,32508.484,55.493347,185181.23,Wednesday,November,2025
2025-11-06,10098.105,11366.957,32235.512,55.486145,183808.31,Thursday,November,2025
2025-11-07,10096.972,11366.692,32074.492,55.482224,182896.4,Friday,November,2025
2025-11-08,10100.028,11371.421,32107.223,55.484333,182937.61,Saturday,November,2025
2025-11-09,10107.608,11384.247,32319.994,55.491875,183955.9,Sunday,November,2025
2025-11-10,10113.744,11394.916,32535.729,55.49771,185014.16,Monday,November,2025
2025-11-11,10114.823,11397.799,32583.918,55.497475,185250.77,Tuesday,November,2025
2025-11-12,10112.536,11397.273,32409.785,55.49154,184431.25,Wednesday,November,2025
2025-11-13,10108.567,11393.734,32142.213,55.48376,183132.33,Thursday,November,2025
2025-11-14,10105.948,11389.413,31986.6,55.479317,182275.22,Friday,November,2025
2025-11-15,10107.524,11390.005,32029.084,55.48111,182380.67,Saturday,November,2025
2025-11-16,10113.693,11398.901,32252.955,55.48845,183471.0,Sunday,November,2025
2025-11-17,10118.63,11406.26,32483.883,55.49428,184628.6,Monday,November,2025
2025-11-18,10118.534,11406.022,32546.541,55.494137,184960.39,Tuesday,November,2025
2025-11-19,10115.088,11402.522,32384.057,55.488342,184217.47,Wednesday,November,2025
2025-11-20,10110.056,11396.306,32126.527,55.4808,182982.25,Thursday,November,2025
2025-11-21,10106.51,11389.684,31979.0,55.476643,182175.1,Friday,November,2025
2025-11-22,10107.335,11388.464,32028.504,55.478737,182323.38,Saturday,November,2025
2025-11-23,10112.929,11396.032,32258.615,55.486366,183452.73,Sunday,November,2025
2025-11-24,10117.449,11402.499,32495.129,55.492474,184645.7,Monday,November,2025
2025-11-25,10117.076,11401.709,32562.11,55.492596,185005.53,Tuesday,November,2025
2025-11-26,10113.477,11397.934,32403.166,55.4871,184286.27,Wednesday,November,2025
2025-11-27,10108.385,11391.654,32148.084,55.479877,183068.81,Thursday,November,2025
2025-11-28,10104.841,11385.124,32002.225,55.47601,182275.3,Friday,November,2025
2025-11-29,10105.697,11384.089,32052.195,55.47833,182431.33,Saturday,November,2025
2025-11-30,10111.348,11391.912,32282.201,55.48613,183564.12,Sunday,November,2025
2025-12-01,10115.943,11398.675,32517.791,55.492344,184754.58,Monday,December,2025
2025-12-02,10115.533,11398.552,32509.945,55.490433,184688.86,Tuesday,December,2025
2025-12-03,10113.191,11398.768,32279.725,55.484085,183544.8,Wednesday,December,2025
2025-12-04,10111.292,11401.154,31981.61,55.477028,182033.33,Thursday,December,2025
2025-12-05,10111.725,11405.243,31802.164,55.473015,180993.78,Friday,December,2025
2025-12-06,10116.951,11415.713,31817.977,55.475143,180915.4,Saturday,December,2025
2025-12-07,10126.534,11433.946,31987.7,55.48233,181710.89,Sunday,December,2025
2025-12-08,10133.945,11448.512,32130.213,55.486614,182436.56,Monday,December,2025
2025-12-09,10135.945,11454.707,32090.248,55.484818,182270.6,Tuesday,December,2025
2025-12-10,10134.595,11457.601,31841.508,55.478077,181079.02,Wednesday,December,2025
2025-12-11,10133.054,11460.751,31546.258,55.470474,179614.06,Thursday,December,2025
2025-12-12,10133.237,11463.648,31378.938,55.46576,178651.11,Friday,December,2025
2025-12-13,10137.784,11471.362,31417.066,55.467445,178684.05,Saturday,December,2025
2025-12-14,10146.341,11485.794,31613.06,55.47442,179621.38,Sunday,December,2025
2025-12-15,10152.45,11495.886,31788.68,55.47888,180540.89,Monday,December,2025
2025-12-16,10152.55,11496.443,31779.676,55.47726,180557.86,Tuesday,December,2025
2025-12-17,10148.954,11493.185,31564.871,55.47061,179560.08,Wednesday,December,2025
2025-12-18,10145.016,11489.965,31301.574,55.462994,178266.44,Thursday,December,2025
2025-12-19,10142.928,11486.871,31162.93,55.45832,177452.77,Friday,December,2025
2025-12-20,10145.489,11489.343,31227.63,55.460274,177621.02,Saturday,December,2025
2025-12-21,10152.389,11499.421,31449.502,55.467693,178696.52,Sunday,December,2025
2025-12-22,10157.09,11505.875,31650.898,55.47274,179760.03,Monday,December,2025
2025-12-23,10155.895,11503.18,31666.117,55.471718,179913.73,Tuesday,December,2025
2025-12-24,10151.159,11497.126,31474.33,55.465687,179044.53,Wednesday,December,2025
2025-12-25,10146.24,11491.535,31231.135,55.45866,177861.56,Thursday,December,2025
2025-12-26,10143.352,11486.561,31109.365,55.454548,177141.14,Friday,December,2025
2025-12-27,10145.298,11487.648,31188.32,55.457058,177389.66,Saturday,December,2025
2025-12-28,10151.721,11496.717,31421.555,55.464977,178529.84,Sunday,December,2025
2025-12-29,10156.052,11502.443,31631.955,55.47045,179644.12,Monday,December,2025
2025-12-30,10154.617,11499.316,31655.361,55.46983,179843.22,Tuesday,December,2025
2025-12-31,10149.763,11493.09,31470.426,55.464195,179012.19,Wednesday,December,2025
